scientificName,class,order,family,genus,specificEpithet,infraspecificEpithet,vernacularName,iucnGlobalStatus,iucnRegionalStatus,lastUpdate,,,,,,,,,,,,,,,
Accipiter bicolor,Aves,Accipitriformes,Accipitridae,Accipiter,bicolor,,gavilán bicolor,LC,,06/07/2019,,,,,,,,,,,,,,,
Accipiter striatus,Aves,Accipitriformes,Accipitridae,Accipiter,striatus,,gavilán chico,LC,,06/07/2019,,,,,,,,,,,,,,,
Actitis macularius,Aves,Charadriiformes,Scolopacidae,Actitis,macularius,,playerito manchado,LC,,06/07/2019,,,,,,,,,,,,,,,
Aegolius harrisii,Aves,Strigiformes,Strigidae,Aegolius,harrisii,,lechucita canela,LC,EN,06/07/2019,,,,,,,,,,,,,,,
Agelaioides badius,Aves,Passeriformes,Icteridae,Agelaioides,badius,,músico,LC,,06/07/2019,,,,,,,,,,,,,,,
Agelasticus thilius,Aves,Passeriformes,Icteridae,Agelasticus,thilius,,alférez,LC,,06/07/2019,,,,,,,,,,,,,,,
Agriornis murinus,Aves,Passeriformes,Tyrannidae,Agriornis,murinus,,gaucho chico,LC,,06/07/2019,,,,,,,,,,,,,,,
Alectrurus risora,Aves,Passeriformes,Tyrannidae,Alectrurus,risora,,yetapá de collar,VU,CR,06/07/2019,,,,,,,,,,,,,,,
Alopochelidon fucata,Aves,Passeriformes,Hirundinidae,Alopochelidon,fucata,,golondrina cara rojiza,LC,,06/07/2019,,,,,,,,,,,,,,,
Amazonetta brasiliensis,Aves,Anseriformes,Anatidae,Amazonetta,brasiliensis,,pato brasilero,LC,,06/07/2019,,,,,,,,,,,,,,,
Amblyramphus holosericeus,Aves,Passeriformes,Icteridae,Amblyramphus,holosericeus,,federal,LC,,06/07/2019,,,,,,,,,,,,,,,
Ammodramus humeralis,Aves,Passeriformes,Emberizidae,Ammodramus,humeralis,,chingolo ceja amarilla,LC,,06/07/2019,,,,,,,,,,,,,,,
Anas bahamensis,Aves,Anseriformes,Anatidae,Anas,bahamensis,,pato gargantilla,LC,,06/07/2019,,,,,,,,,,,,,,,
Anas flavirostris,Aves,Anseriformes,Anatidae,Anas,flavirostris,,pato barcino,LC,,06/07/2019,,,,,,,,,,,,,,,
Anas georgica,Aves,Anseriformes,Anatidae,Anas,georgica,,pato maicero,LC,,06/07/2019,,,,,,,,,,,,,,,
Anas platyrhynchos,Aves,Anseriformes,Anatidae,Anas,platyrhynchos,,,LC,,06/07/2019,,,,,,,,,,,,,,,
Anhima cornuta,Aves,Anseriformes,Anhimidae,Anhima,cornuta,,aruco,LC,,06/07/2019,,,,,,,,,,,,,,,
Anhinga anhinga,Aves,Suliformes,Anhingidae,Anhinga,anhinga,,aninga,LC,,06/07/2019,,,,,,,,,,,,,,,
Anthracothorax nigricollis,Aves,Apodiformes,Trochilidae,Anthracothorax,nigricollis,,picaflor vientre negro,LC,,06/07/2019,,,,,,,,,,,,,,,
Anthus correndera,Aves,Passeriformes,Motacillidae,Anthus,correndera,,cachirla uña larga,LC,,06/07/2019,,,,,,,,,,,,,,,
Anthus furcatus,Aves,Passeriformes,Motacillidae,Anthus,furcatus,,cachirla común,LC,,06/07/2019,,,,,,,,,,,,,,,
Anthus hellmayri,Aves,Passeriformes,Motacillidae,Anthus,hellmayri,,cachirla pálida,LC,,06/07/2019,,,,,,,,,,,,,,,
Anthus lutescens,Aves,Passeriformes,Motacillidae,Anthus,lutescens,,cachirla chica,LC,,06/07/2019,,,,,,,,,,,,,,,
Anthus nattereri,Aves,Passeriformes,Motacillidae,Anthus,nattereri,,cachirla,VU,,06/07/2019,,,,,,,,,,,,,,,
Anumbius annumbi,Aves,Passeriformes,Furnariidae,Anumbius,annumbi,,espinero,LC,,06/07/2019,,,,,,,,,,,,,,,
Aptenodytes patagonicus,Aves,Sphenisciformes,Spheniscidae,Aptenodytes,patagonicus,,pingüino rey,LC,,06/07/2019,,,,,,,,,,,,,,,
Aramides cajaneus,Aves,Gruiformes,Rallidae,Aramides,cajaneus,,chiricote,LC,,06/07/2019,,,,,,,,,,,,,,,
Aramides ypecaha,Aves,Gruiformes,Rallidae,Aramides,ypecaha,,gallineta grande,LC,,06/07/2019,,,,,,,,,,,,,,,
Aramus guarauna,Aves,Gruiformes,Aramidae,Aramus,guarauna,,carao,LC,,06/07/2019,,,,,,,,,,,,,,,
Ardea alba,Aves,Pelecaniformes,Ardeidae,Ardea,alba,,garza blanca grande,LC,,06/07/2019,,,,,,,,,,,,,,,
Ardea cocoi,Aves,Pelecaniformes,Ardeidae,Ardea,cocoi,,garza mora,LC,,06/07/2019,,,,,,,,,,,,,,,
Ardenna gravis,Aves,Procellariiformes,Procellariidae,Ardenna,gravis,,pardela cabeza negra,LC,,06/07/2019,,,,,,,,,,,,,,,
Ardenna grisea,Aves,Procellariiformes,Procellariidae,Ardenna,grisea,,pardela oscura,NT,,06/07/2019,,,,,,,,,,,,,,,
Arenaria interpres,Aves,Charadriiformes,Scolopacidae,Arenaria,interpres,,vuelvepiedras,LC,,06/07/2019,,,,,,,,,,,,,,,
Asio flammeus,Aves,Strigiformes,Strigidae,Asio,flammeus,,lechuzón de campo,LC,,06/07/2019,,,,,,,,,,,,,,,
Asthenes baeri,Aves,Passeriformes,Furnariidae,Asthenes,baeri,,canastero común,LC,,06/07/2019,,,,,,,,,,,,,,,
Asthenes pyrrholeuca,Aves,Passeriformes,Furnariidae,Asthenes,pyrrholeuca,,canastero coludo,LC,,06/07/2019,,,,,,,,,,,,,,,
Athene cunicularia,Aves,Strigiformes,Strigidae,Athene,cunicularia,,lechucita de campo,LC,,06/07/2019,,,,,,,,,,,,,,,
Bartramia longicauda,Aves,Charadriiformes,Scolopacidae,Bartramia,longicauda,,batitú,LC,,06/07/2019,,,,,,,,,,,,,,,
Basileuterus culicivorus,Aves,Passeriformes,Parulidae,Basileuterus,culicivorus,,arañero chico,LC,,06/07/2019,,,,,,,,,,,,,,,
Botaurus pinnatus,Aves,Pelecaniformes,Ardeidae,Botaurus,pinnatus,,mirasol grande,LC,,06/07/2019,,,,,,,,,,,,,,,
Brotogeris chiriri,Aves,Psittaciformes,Psittacidae,Brotogeris,chiriri,,,LC,,06/07/2019,,,,,,,,,,,,,,,
Bubo virginianus,Aves,Strigiformes,Strigidae,Bubo,virginianus,,ñacurutú,LC,,06/07/2019,,,,,,,,,,,,,,,
Bubulcus ibis,Aves,Pelecaniformes,Ardeidae,Bubulcus,ibis,,garza bueyera,LC,,06/07/2019,,,,,,,,,,,,,,,
Busarellus nigricollis,Aves,Accipitriformes,Accipitridae,Busarellus,nigricollis,,águila pampa,LC,,06/07/2019,,,,,,,,,,,,,,,
Buteo albicaudatus,Aves,Accipitriformes,Accipitridae,Buteo,albicaudatus,,águila cola blanca,LC,,06/07/2019,,,,,,,,,,,,,,,
Buteo brachyurus,Aves,Accipitriformes,Accipitridae,Buteo,brachyurus,,,LC,,06/07/2019,,,,,,,,,,,,,,,
Buteo swainsoni,Aves,Accipitriformes,Accipitridae,Buteo,swainsoni,,aguilucho langostero,LC,,06/07/2019,,,,,,,,,,,,,,,
Buteogallus meridionalis,Aves,Accipitriformes,Accipitridae,Buteogallus,meridionalis,,águila colorada,LC,,06/07/2019,,,,,,,,,,,,,,,
Buteogallus urubitinga,Aves,Accipitriformes,Accipitridae,Buteogallus,urubitinga,,águila negra,LC,,06/07/2019,,,,,,,,,,,,,,,
Butorides striata,Aves,Pelecaniformes,Ardeidae,Butorides,striata,,garcita azulada,LC,,06/07/2019,,,,,,,,,,,,,,,
Cacicus chrysopterus,Aves,Passeriformes,Icteridae,Cacicus,chrysopterus,,boyero ala amarilla,LC,,06/07/2019,,,,,,,,,,,,,,,
Cacicus haemorrhous,Aves,Passeriformes,Icteridae,Cacicus,haemorrhous,,,LC,,06/07/2019,,,,,,,,,,,,,,,
Cacicus solitarius,Aves,Passeriformes,Icteridae,Cacicus,solitarius,,boyero negro,LC,,06/07/2019,,,,,,,,,,,,,,,
Cairina moschata,Aves,Anseriformes,Anatidae,Cairina,moschata,,pato criollo,LC,EN,06/07/2019,,,,,,,,,,,,,,,
Calidris alba,Aves,Charadriiformes,Scolopacidae,Calidris,alba,,playerito blanco,LC,,06/07/2019,,,,,,,,,,,,,,,
Calidris bairdii,Aves,Charadriiformes,Scolopacidae,Calidris,bairdii,,playerito unicolor,LC,,06/07/2019,,,,,,,,,,,,,,,
Calidris canutus,Aves,Charadriiformes,Scolopacidae,Calidris,canutus,,playero rojizo,NT,EN,06/07/2019,,,,,,,,,,,,,,,
Calidris fuscicollis,Aves,Charadriiformes,Scolopacidae,Calidris,fuscicollis,,playerito rabadilla blanca,LC,,06/07/2019,,,,,,,,,,,,,,,
Calidris himantopus,Aves,Charadriiformes,Scolopacidae,Calidris,himantopus,,playero zancudo,LC,,06/07/2019,,,,,,,,,,,,,,,
Calidris melanotos,Aves,Charadriiformes,Scolopacidae,Calidris,melanotos,,playerito pecho gris,LC,,06/07/2019,,,,,,,,,,,,,,,
Calidris pusilla,Aves,Charadriiformes,Scolopacidae,Calidris,pusilla,,playerito enano,NT,,06/07/2019,,,,,,,,,,,,,,,
Calidris subruficollis,Aves,Charadriiformes,Scolopacidae,Calidris,subruficollis,,playerito canela,NT,,06/07/2019,,,,,,,,,,,,,,,
Callonetta leucophrys,Aves,Anseriformes,Anatidae,Callonetta,leucophrys,,pato de collar,LC,,06/07/2019,,,,,,,,,,,,,,,
Calonectris diomedea,Aves,Procellariiformes,Procellariidae,Calonectris,diomedea,,pardela grande,LC,,06/07/2019,,,,,,,,,,,,,,,
Campephilus leucopogon,Aves,Piciformes,Picidae,Campephilus,leucopogon,,carpintero negro,LC,,06/07/2019,,,,,,,,,,,,,,,
Camptostoma obsoletum,Aves,Passeriformes,Tyrannidae,Camptostoma,obsoletum,,piojito silbón,LC,,06/07/2019,,,,,,,,,,,,,,,
Caracara plancus,Aves,Falconiformes,Falconidae,Caracara,plancus,,carancho,LC,,06/07/2019,,,,,,,,,,,,,,,
Cariama cristata,Aves,Cariamiformes,Cariamidae,Cariama,cristata,,seriema,LC,,06/07/2019,,,,,,,,,,,,,,,
Casiornis rufus,Aves,Passeriformes,Tyrannidae,Casiornis,rufus,,burlisto castaño,LC,,06/07/2019,,,,,,,,,,,,,,,
Cathartes aura,Aves,Accipitriformes,Cathartidae,Cathartes,aura,,cuervo cabeza roja,LC,,06/07/2019,,,,,,,,,,,,,,,
Cathartes burrovianus,Aves,Accipitriformes,Cathartidae,Cathartes,burrovianus,,cuervo cabeza amarilla,LC,,06/07/2019,,,,,,,,,,,,,,,
Certhiaxis cinnamomeus,Aves,Passeriformes,Furnariidae,Certhiaxis,cinnamomeus,,curutié colorado,LC,,06/07/2019,,,,,,,,,,,,,,,
Chaetura meridionalis,Aves,Apodiformes,Apodidae,Chaetura,meridionalis,,vencejo de tormenta,LC,,06/07/2019,,,,,,,,,,,,,,,
Charadrius collaris,Aves,Charadriiformes,Charadriidae,Charadrius,collaris,,chorlito de collar,LC,,06/07/2019,,,,,,,,,,,,,,,
Charadrius falklandicus,Aves,Charadriiformes,Charadriidae,Charadrius,falklandicus,,chorlito doble collar,LC,,06/07/2019,,,,,,,,,,,,,,,
Charadrius modestus,Aves,Charadriiformes,Charadriidae,Charadrius,modestus,,chorlito pecho canela,LC,,06/07/2019,,,,,,,,,,,,,,,
Charadrius semipalmatus,Aves,Charadriiformes,Charadriidae,Charadrius,semipalmatus,,chorlito palmado,LC,,06/07/2019,,,,,,,,,,,,,,,
Chauna torquata,Aves,Anseriformes,Anhimidae,Chauna,torquata,,chajá,LC,,06/07/2019,,,,,,,,,,,,,,,
Chionis albus,Aves,Charadriiformes,Chionidae,Chionis,albus,,paloma antártica,LC,,06/07/2019,,,,,,,,,,,,,,,
Chlidonias niger,Aves,Charadriiformes,Laridae,Chlidonias,niger,,gaviotín negro,LC,,06/07/2019,,,,,,,,,,,,,,,
Chloris chloris,Aves,Passeriformes,Fringillidae,Chloris,chloris,,verderón,LC,,06/07/2019,,,,,,,,,,,,,,,
Chloroceryle amazona,Aves,Coraciiformes,Alcedinidae,Chloroceryle,amazona,,martín pescador mediano,LC,,06/07/2019,,,,,,,,,,,,,,,
Chloroceryle americana,Aves,Coraciiformes,Alcedinidae,Chloroceryle,americana,,martín pescador chico,LC,,06/07/2019,,,,,,,,,,,,,,,
Chlorostilbon lucidus,Aves,Apodiformes,Trochilidae,Chlorostilbon,lucidus,,picaflor verde,LC,,06/07/2019,,,,,,,,,,,,,,,
Chordeiles minor,Aves,Caprimulgiformes,Caprimulgidae,Chordeiles,minor,,añapero,LC,,06/07/2019,,,,,,,,,,,,,,,
Chordeiles nacunda,Aves,Caprimulgiformes,Caprimulgidae,Chordeiles,nacunda,,ñacundá,LC,,06/07/2019,,,,,,,,,,,,,,,
Chroicocephalus cirrocephalus,Aves,Charadriiformes,Laridae,Chroicocephalus,cirrocephalus,,gaviota capucho gris,LC,,06/07/2019,,,,,,,,,,,,,,,
Chroicocephalus maculipennis,Aves,Charadriiformes,Laridae,Chroicocephalus,maculipennis,,gaviota capucho café,LC,,06/07/2019,,,,,,,,,,,,,,,
Chrysomus ruficapillus,Aves,Passeriformes,Icteridae,Chrysomus,ruficapillus,,garibaldino,LC,,06/07/2019,,,,,,,,,,,,,,,
Ciconia maguari,Aves,Ciconiiformes,Ciconiidae,Ciconia,maguari,,cigüeña común,LC,,06/07/2019,,,,,,,,,,,,,,,
Cinclodes fuscus,Aves,Passeriformes,Furnariidae,Cinclodes,fuscus,,remolinera,LC,,06/07/2019,,,,,,,,,,,,,,,
Circus buffoni,Aves,Accipitriformes,Accipitridae,Circus,buffoni,,gavilán alilargo,LC,,06/07/2019,,,,,,,,,,,,,,,
Circus cinereus,Aves,Accipitriformes,Accipitridae,Circus,cinereus,,gavilán ceniciento,LC,,06/07/2019,,,,,,,,,,,,,,,
Cistothorus platensis,Aves,Passeriformes,Troglodytidae,Cistothorus,platensis,,ratonera aperdizada,LC,,06/07/2019,,,,,,,,,,,,,,,
Cnemotriccus fuscatus,Aves,Passeriformes,Tyrannidae,Cnemotriccus,fuscatus,,,LC,,06/07/2019,,,,,,,,,,,,,,,
Coccycua cinerea,Aves,Cuculiformes,Cuculidae,Coccycua,cinerea,,cuclillo gris,LC,,06/07/2019,,,,,,,,,,,,,,,
Coccyzus americanus,Aves,Cuculiformes,Cuculidae,Coccyzus,americanus,,cuclillo pico amarillo,LC,,06/07/2019,,,,,,,,,,,,,,,
Coccyzus melacoryphus,Aves,Cuculiformes,Cuculidae,Coccyzus,melacoryphus,,cuclillo común,LC,,06/07/2019,,,,,,,,,,,,,,,
Coereba flaveola,Aves,Passeriformes,Coerebidae,Coereba,flaveola,,,LC,,06/07/2019,,,,,,,,,,,,,,,
Colaptes campestris,Aves,Piciformes,Picidae,Colaptes,campestris,,carpintero de campo,LC,,06/07/2019,,,,,,,,,,,,,,,
Colaptes melanochloros,Aves,Piciformes,Picidae,Colaptes,melanochloros,,carpintero nuca roja,LC,,06/07/2019,,,,,,,,,,,,,,,
Colaptes melanolaimus,Aves,Piciformes,Picidae,Colaptes,melanolaimus,,carpintero real común,LC,,06/07/2019,,,,,,,,,,,,,,,
Columbina picui,Aves,Columbiformes,Columbidae,Columbina,picui,,torcacita común,LC,,06/07/2019,,,,,,,,,,,,,,,
Columbina talpacoti,Aves,Columbiformes,Columbidae,Columbina,talpacoti,,torcacita colorada,LC,,06/07/2019,,,,,,,,,,,,,,,
Conopophaga lineata,Aves,Passeriformes,Conopophagidae,Conopophaga,lineata,,chupadientes,LC,,06/07/2019,,,,,,,,,,,,,,,
Coragyps atratus,Aves,Accipitriformes,Cathartidae,Coragyps,atratus,,cuervo cabeza negra,LC,,06/07/2019,,,,,,,,,,,,,,,
Coryphistera alaudina,Aves,Passeriformes,Furnariidae,Coryphistera,alaudina,,crestudo,LC,,06/07/2019,,,,,,,,,,,,,,,
Coryphospingus cucullatus,Aves,Passeriformes,Thraupidae,Coryphospingus,cucullatus,,brasita de fuego,LC,,06/07/2019,,,,,,,,,,,,,,,
Coscoroba coscoroba,Aves,Anseriformes,Anatidae,Coscoroba,coscoroba,,coscoroba,LC,,06/07/2019,,,,,,,,,,,,,,,
Coturnicops notatus,Aves,Gruiformes,Rallidae,Coturnicops,notatus,,burrito enano,LC,,06/07/2019,,,,,,,,,,,,,,,
Cranioleuca obsoleta,Aves,Passeriformes,Furnariidae,Cranioleuca,obsoleta,,curutié oliváceo,LC,,06/07/2019,,,,,,,,,,,,,,,
Cranioleuca pyrrhophia,Aves,Passeriformes,Furnariidae,Cranioleuca,pyrrhophia,,trepadorcito,LC,,06/07/2019,,,,,,,,,,,,,,,
Cranioleuca sulphurifera,Aves,Passeriformes,Furnariidae,Cranioleuca,sulphurifera,,curutié ocráceo,LC,,06/07/2019,,,,,,,,,,,,,,,
Crotophaga ani,Aves,Cuculiformes,Cuculidae,Crotophaga,ani,,pirincho negro chico,LC,,06/07/2019,,,,,,,,,,,,,,,
Crotophaga major,Aves,Cuculiformes,Cuculidae,Crotophaga,major,,pirincho negro grande,LC,,06/07/2019,,,,,,,,,,,,,,,
Crypturellus obsoletus,Aves,Tinamiformes,Tinamidae,Crypturellus,obsoletus,,perdiz de monte,LC,,06/07/2019,,,,,,,,,,,,,,,
Cyanocompsa brissonii,Aves,Passeriformes,Cardinalidae,Cyanocompsa,brissonii,,reina mora,LC,,06/07/2019,,,,,,,,,,,,,,,
Cyanocorax caeruleus,Aves,Passeriformes,Corvidae,Cyanocorax,caeruleus,,urraca azul,NT,,06/07/2019,,,,,,,,,,,,,,,
Cyanocorax chrysops,Aves,Passeriformes,Corvidae,Cyanocorax,chrysops,,urraca común,LC,,06/07/2019,,,,,,,,,,,,,,,
Cyanocorax cyanomelas,Aves,Passeriformes,Corvidae,Cyanocorax,cyanomelas,,urraca morada,LC,,06/07/2019,,,,,,,,,,,,,,,
Cyanoliseus patagonus,Aves,Psittaciformes,Psittacidae,Cyanoliseus,patagonus,,loro barranquero,LC,,06/07/2019,,,,,,,,,,,,,,,
Cyanoloxia glaucocaerulea,Aves,Passeriformes,Cardinalidae,Cyanoloxia,glaucocaerulea,,azulito,LC,,06/07/2019,,,,,,,,,,,,,,,
Cyclarhis gujanensis,Aves,Passeriformes,Vireonidae,Cyclarhis,gujanensis,,juan chiviro,LC,,06/07/2019,,,,,,,,,,,,,,,
Cygnus melancoryphus,Aves,Anseriformes,Anatidae,Cygnus,melancoryphus,,cisne cuello negro,LC,,06/07/2019,,,,,,,,,,,,,,,
Daption capense,Aves,Procellariiformes,Procellariidae,Daption,capense,,petrel damero,LC,,06/07/2019,,,,,,,,,,,,,,,
Dendrocolaptes platyrostris,Aves,Passeriformes,Furnariidae,Dendrocolaptes,platyrostris,,trepador oscuro,LC,,06/07/2019,,,,,,,,,,,,,,,
Dendrocygna autumnalis,Aves,Anseriformes,Anatidae,Dendrocygna,autumnalis,,,LC,,06/07/2019,,,,,,,,,,,,,,,
Dendrocygna bicolor,Aves,Anseriformes,Anatidae,Dendrocygna,bicolor,,pato canela,LC,,06/07/2019,,,,,,,,,,,,,,,
Dendrocygna viduata,Aves,Anseriformes,Anatidae,Dendrocygna,viduata,,pato cara blanca,LC,,06/07/2019,,,,,,,,,,,,,,,
Diomedea epomophora,Aves,Procellariiformes,Diomedeidae,Diomedea,epomophora,,albatros real,VU,,06/07/2019,,,,,,,,,,,,,,,
Diuca diuca,Aves,Passeriformes,Thraupidae,Diuca,diuca,,diuca,LC,,06/07/2019,,,,,,,,,,,,,,,
Dolichonyx oryzivorus,Aves,Passeriformes,Icteridae,Dolichonyx,oryzivorus,,,LC,,06/07/2019,,,,,,,,,,,,,,,
Donacospiza albifrons,Aves,Passeriformes,Thraupidae,Donacospiza,albifrons,,monterita cabeza gris,LC,,06/07/2019,,,,,,,,,,,,,,,
Drymornis bridgesii,Aves,Passeriformes,Furnariidae,Drymornis,bridgesii,,trepador grande,LC,,06/07/2019,,,,,,,,,,,,,,,
Egretta caerulea,Aves,Pelecaniformes,Ardeidae,Egretta,caerulea,,garza azul,LC,,06/07/2019,,,,,,,,,,,,,,,
Egretta thula,Aves,Pelecaniformes,Ardeidae,Egretta,thula,,garza blanca chica,LC,,06/07/2019,,,,,,,,,,,,,,,
Elaenia albiceps,Aves,Passeriformes,Tyrannidae,Elaenia,albiceps,,fiofío silbón,LC,,06/07/2019,,,,,,,,,,,,,,,
Elaenia flavogaster,Aves,Passeriformes,Tyrannidae,Elaenia,flavogaster,,,LC,,06/07/2019,,,,,,,,,,,,,,,
Elaenia mesoleuca,Aves,Passeriformes,Tyrannidae,Elaenia,mesoleuca,,fiofío oliváceo,LC,,06/07/2019,,,,,,,,,,,,,,,
Elaenia obscura,Aves,Passeriformes,Tyrannidae,Elaenia,obscura,,fiofío oscuro,LC,,06/07/2019,,,,,,,,,,,,,,,
Elaenia parvirostris,Aves,Passeriformes,Tyrannidae,Elaenia,parvirostris,,fiofío pico corto,LC,,06/07/2019,,,,,,,,,,,,,,,
Elaenia spectabilis,Aves,Passeriformes,Tyrannidae,Elaenia,spectabilis,,fiofío grande,LC,,06/07/2019,,,,,,,,,,,,,,,
Elanoides forficatus,Aves,Accipitriformes,Accipitridae,Elanoides,forficatus,,halcón tijereta,LC,,06/07/2019,,,,,,,,,,,,,,,
Elanus leucurus,Aves,Accipitriformes,Accipitridae,Elanus,leucurus,,halcón blanco,LC,,06/07/2019,,,,,,,,,,,,,,,
Emberizoides herbicola,Aves,Passeriformes,Thraupidae,Emberizoides,herbicola,,coludo grande,LC,,06/07/2019,,,,,,,,,,,,,,,
Emberizoides ypiranganus,Aves,Passeriformes,Thraupidae,Emberizoides,ypiranganus,,coludo chico,LC,,06/07/2019,,,,,,,,,,,,,,,
Embernagra platensis,Aves,Passeriformes,Thraupidae,Embernagra,platensis,,verdón,LC,,06/07/2019,,,,,,,,,,,,,,,
Empidonomus varius,Aves,Passeriformes,Tyrannidae,Empidonomus,varius,,tuquito rayado,LC,,06/07/2019,,,,,,,,,,,,,,,
Eudyptes chrysocome,Aves,Sphenisciformes,Spheniscidae,Eudyptes,chrysocome,,pingüino penacho amarillo,VU,,06/07/2019,,,,,,,,,,,,,,,
Euphonia chlorotica,Aves,Passeriformes,Fringillidae,Euphonia,chlorotica,,tangará garganta violácea,LC,,06/07/2019,,,,,,,,,,,,,,,
Euphonia cyanocephala,Aves,Passeriformes,Fringillidae,Euphonia,cyanocephala,,tangará corona celeste,LC,,06/07/2019,,,,,,,,,,,,,,,
Euscarthmus meloryphus,Aves,Passeriformes,Tyrannidae,Euscarthmus,meloryphus,,barullero,LC,,06/07/2019,,,,,,,,,,,,,,,
Falco femoralis,Aves,Falconiformes,Falconidae,Falco,femoralis,,halcón plomizo,LC,,06/07/2019,,,,,,,,,,,,,,,
Falco peregrinus,Aves,Falconiformes,Falconidae,Falco,peregrinus,,halcón peregrino,LC,,06/07/2019,,,,,,,,,,,,,,,
Falco sparverius,Aves,Falconiformes,Falconidae,Falco,sparverius,,halcóncito común,LC,,06/07/2019,,,,,,,,,,,,,,,
Florisuga fusca,Aves,Apodiformes,Trochilidae,Florisuga,fusca,,picaflor negro,LC,,06/07/2019,,,,,,,,,,,,,,,
Fluvicola albiventer,Aves,Passeriformes,Tyrannidae,Fluvicola,albiventer,,lavandera blanca,LC,,06/07/2019,,,,,,,,,,,,,,,
Fregata magnificens,Aves,Suliformes,Fregatidae,Fregata,magnificens,,fragata,LC,,06/07/2019,,,,,,,,,,,,,,,
Fulica armillata,Aves,Gruiformes,Rallidae,Fulica,armillata,,gallareta grande,LC,,06/07/2019,,,,,,,,,,,,,,,
Fulica leucoptera,Aves,Gruiformes,Rallidae,Fulica,leucoptera,,gallareta ala blanca,LC,,06/07/2019,,,,,,,,,,,,,,,
Fulica rufifrons,Aves,Gruiformes,Rallidae,Fulica,rufifrons,,gallareta escudete rojo,LC,,06/07/2019,,,,,,,,,,,,,,,
Fulmarus glacialoides,Aves,Procellariiformes,Procellariidae,Fulmarus,glacialoides,,petrel plateado,LC,,06/07/2019,,,,,,,,,,,,,,,
Furnarius rufus,Aves,Passeriformes,Furnariidae,Furnarius,rufus,,hornero,LC,,06/07/2019,,,,,,,,,,,,,,,
Gallinago paraguaiae,Aves,Charadriiformes,Scolopacidae,Gallinago,paraguaiae,,becasina,LC,,06/07/2019,,,,,,,,,,,,,,,
Gallinula galeata,Aves,Gruiformes,Rallidae,Gallinula,galeata,,polla de agua,LC,,06/07/2019,,,,,,,,,,,,,,,
Gelochelidon nilotica,Aves,Charadriiformes,Laridae,Gelochelidon,nilotica,,gaviotín pico grueso,LC,,06/07/2019,,,,,,,,,,,,,,,
Geositta cunicularia,Aves,Passeriformes,Furnariidae,Geositta,cunicularia,,caminera,LC,,06/07/2019,,,,,,,,,,,,,,,
Geothlypis aequinoctialis,Aves,Passeriformes,Parulidae,Geothlypis,aequinoctialis,,arañero cara negra,LC,,06/07/2019,,,,,,,,,,,,,,,
Geothlypis velata,Aves,Passeriformes,Parulidae,Geothlypis,velata,,,NE,,06/07/2019,,,,,,,,,,,,,,,
Geranoaetus albicaudatus,Aves,Accipitriformes,Accipitridae,Geranoaetus,albicaudatus,,águila cola blanca,LC,,06/07/2019,,,,,,,,,,,,,,,
Geranoaetus melanoleucus,Aves,Accipitriformes,Accipitridae,Geranoaetus,melanoleucus,,águila mora,LC,,06/07/2019,,,,,,,,,,,,,,,
Geranoaetus polyosoma,Aves,Accipitriformes,Accipitridae,Geranoaetus,polyosoma,,aguilucho lomo rojo,LC,,06/07/2019,,,,,,,,,,,,,,,
Geranospiza caerulescens,Aves,Accipitriformes,Accipitridae,Geranospiza,caerulescens,,gavilán patas largas,LC,,06/07/2019,,,,,,,,,,,,,,,
Glaucidium brasilianum,Aves,Strigiformes,Strigidae,Glaucidium,brasilianum,,caburé,LC,,06/07/2019,,,,,,,,,,,,,,,
Gnorimopsar chopi,Aves,Passeriformes,Icteridae,Gnorimopsar,chopi,,mirlo charrúa,LC,,06/07/2019,,,,,,,,,,,,,,,
Griseotyrannus aurantioatrocristatus,Aves,Passeriformes,Tyrannidae,Griseotyrannus,aurantioatrocristatus,,tuquito gris,LC,,06/07/2019,,,,,,,,,,,,,,,
Gubernatrix cristata,Aves,Passeriformes,Emberizidae,Gubernatrix,cristata,,cardenal amarillo,EN,EN,06/07/2019,,,,,,,,,,,,,,,
Gubernetes yetapa,Aves,Passeriformes,Tyrannidae,Gubernetes,yetapa,,yetapá grande,LC,,06/07/2019,,,,,,,,,,,,,,,
Guira guira,Aves,Cuculiformes,Cuculidae,Guira,guira,,pirincho,LC,,06/07/2019,,,,,,,,,,,,,,,
Haematopus ater,Aves,Charadriiformes,Haematopodidae,Haematopus,ater,,ostrero negro,LC,,06/07/2019,,,,,,,,,,,,,,,
Haematopus palliatus,Aves,Charadriiformes,Haematopodidae,Haematopus,palliatus,,ostrero común,LC,,06/07/2019,,,,,,,,,,,,,,,
Heliobletus contaminatus,Aves,Passeriformes,Furnariidae,Heliobletus,contaminatus,,,LC,,06/07/2019,,,,,,,,,,,,,,,
Heliomaster furcifer,Aves,Apodiformes,Trochilidae,Heliomaster,furcifer,,picaflor de barbijo,LC,,06/07/2019,,,,,,,,,,,,,,,
Hemithraupis ruficapilla,Aves,Passeriformes,Thraupidae,Hemithraupis,ruficapilla,,,LC,,06/07/2019,,,,,,,,,,,,,,,
Hemitriccus margaritaceiventer,Aves,Passeriformes,Tyrannidae,Hemitriccus,margaritaceiventer,,mosqueta ojo dorado,LC,,06/07/2019,,,,,,,,,,,,,,,
Heteronetta atricapilla,Aves,Anseriformes,Anatidae,Heteronetta,atricapilla,,pato cabeza negra,LC,,06/07/2019,,,,,,,,,,,,,,,
Heteroxolmis dominicana,Aves,Passeriformes,Tyrannidae,Heteroxolmis,dominicana,,viudita blanca grande,VU,,06/07/2019,,,,,,,,,,,,,,,
Himantopus mexicanus,Aves,Charadriiformes,Recurvirostridae,Himantopus,mexicanus,,tero real,LC,,06/07/2019,,,,,,,,,,,,,,,
Hirundinea ferruginea,Aves,Passeriformes,Tyrannidae,Hirundinea,ferruginea,,viudita colorada,LC,,06/07/2019,,,,,,,,,,,,,,,
Hirundo rustica,Aves,Passeriformes,Hirundinidae,Hirundo,rustica,,golondrina tijereta,LC,,06/07/2019,,,,,,,,,,,,,,,
Hydropsalis torquata,Aves,Caprimulgiformes,Caprimulgidae,Hydropsalis,torquata,,dormilón tijereta,LC,,06/07/2019,,,,,,,,,,,,,,,
Hylocharis chrysura,Aves,Apodiformes,Trochilidae,Hylocharis,chrysura,,picaflor bronceado,LC,,06/07/2019,,,,,,,,,,,,,,,
Hymenops perspicillatus,Aves,Passeriformes,Tyrannidae,Hymenops,perspicillatus,,pico de plata,LC,,06/07/2019,,,,,,,,,,,,,,,
Icterus pyrrhopterus,Aves,Passeriformes,Icteridae,Icterus,pyrrhopterus,,boyerín,LC,,06/07/2019,,,,,,,,,,,,,,,
Ixobrychus involucris,Aves,Pelecaniformes,Ardeidae,Ixobrychus,involucris,,mirasol chico,LC,,06/07/2019,,,,,,,,,,,,,,,
Jacana jacana,Aves,Charadriiformes,Jacanidae,Jacana,jacana,,jacana,LC,,06/07/2019,,,,,,,,,,,,,,,
Knipolegus cyanirostris,Aves,Passeriformes,Tyrannidae,Knipolegus,cyanirostris,,viudita negra común,LC,,06/07/2019,,,,,,,,,,,,,,,
Knipolegus lophotes,Aves,Passeriformes,Tyrannidae,Knipolegus,lophotes,,viudita negra copetona,LC,,06/07/2019,,,,,,,,,,,,,,,
Larus atlanticus,Aves,Charadriiformes,Laridae,Larus,atlanticus,,gaviota cangrejera,NT,EN,06/07/2019,,,,,,,,,,,,,,,
Larus dominicanus,Aves,Charadriiformes,Laridae,Larus,dominicanus,,gaviota cocinera,LC,,06/07/2019,,,,,,,,,,,,,,,
Laterallus leucopyrrhus,Aves,Gruiformes,Rallidae,Laterallus,leucopyrrhus,,burrito patas rojas,LC,,06/07/2019,,,,,,,,,,,,,,,
Laterallus melanophaius,Aves,Gruiformes,Rallidae,Laterallus,melanophaius,,burrito patas verdes,LC,,06/07/2019,,,,,,,,,,,,,,,
Lathrotriccus euleri,Aves,Passeriformes,Tyrannidae,Lathrotriccus,euleri,,mosqueta de monte,LC,,06/07/2019,,,,,,,,,,,,,,,
Lepidocolaptes angustirostris,Aves,Passeriformes,Furnariidae,Lepidocolaptes,angustirostris,,trepador chico,LC,,06/07/2019,,,,,,,,,,,,,,,
Lepidocolaptes falcinellus,Aves,Passeriformes,Furnariidae,Lepidocolaptes,falcinellus,,trepador escamado,LC,,06/07/2019,,,,,,,,,,,,,,,
Leptasthenura platensis,Aves,Passeriformes,Furnariidae,Leptasthenura,platensis,,coludito copetón,LC,,06/07/2019,,,,,,,,,,,,,,,
Leptotila rufaxilla,Aves,Columbiformes,Columbidae,Leptotila,rufaxilla,,paloma montaraz oscura,LC,,06/07/2019,,,,,,,,,,,,,,,
Leptotila verreauxi,Aves,Columbiformes,Columbidae,Leptotila,verreauxi,,paloma montaraz común,LC,,06/07/2019,,,,,,,,,,,,,,,
Lessonia rufa,Aves,Passeriformes,Tyrannidae,Lessonia,rufa,,sobrepuesto,LC,,06/07/2019,,,,,,,,,,,,,,,
Leucocarbo atriceps,Aves,Suliformes,Phalacrocoracidae,Leucocarbo,atriceps,,,LC,,06/07/2019,,,,,,,,,,,,,,,
Leucochloris albicollis,Aves,Apodiformes,Trochilidae,Leucochloris,albicollis,,picaflor garganta blanca,LC,,06/07/2019,,,,,,,,,,,,,,,
Leucophaeus pipixcan,Aves,Charadriiformes,Laridae,Leucophaeus,pipixcan,,,LC,,06/07/2019,,,,,,,,,,,,,,,
Limnoctites rectirostris,Aves,Passeriformes,Furnariidae,Limnoctites,rectirostris,,pajonalera pico recto,NT,,06/07/2019,,,,,,,,,,,,,,,
Limnornis curvirostris,Aves,Passeriformes,Furnariidae,Limnornis,curvirostris,,pajonalera pico curvo,LC,,06/07/2019,,,,,,,,,,,,,,,
Limosa haemastica,Aves,Charadriiformes,Scolopacidae,Limosa,haemastica,,becasa de mar,LC,,06/07/2019,,,,,,,,,,,,,,,
Lochmias nematura,Aves,Passeriformes,Furnariidae,Lochmias,nematura,,macuquiño,LC,,06/07/2019,,,,,,,,,,,,,,,
Machetornis rixosa,Aves,Passeriformes,Tyrannidae,Machetornis,rixosa,,margarita,LC,,06/07/2019,,,,,,,,,,,,,,,
Mackenziaena leachii,Aves,Passeriformes,Thamnophilidae,Mackenziaena,leachii,,,LC,,06/07/2019,,,,,,,,,,,,,,,
Macronectes giganteus,Aves,Procellariiformes,Procellariidae,Macronectes,giganteus,,petrel gigante común,LC,,06/07/2019,,,,,,,,,,,,,,,
Macronectes halli,Aves,Procellariiformes,Procellariidae,Macronectes,halli,,petrel gigante oscuro,LC,,06/07/2019,,,,,,,,,,,,,,,
Mareca sibilatrix,Aves,Anseriformes,Anatidae,Mareca,sibilatrix,,pato overo,LC,,06/07/2019,,,,,,,,,,,,,,,
Megaceryle torquata,Aves,Coraciiformes,Alcedinidae,Megaceryle,torquata,,martín pescador grande,LC,,06/07/2019,,,,,,,,,,,,,,,
Megarynchus pitangua,Aves,Passeriformes,Tyrannidae,Megarynchus,pitangua,,pitanguá,LC,,06/07/2019,,,,,,,,,,,,,,,
Megascops choliba,Aves,Strigiformes,Strigidae,Megascops,choliba,,tamborcito común,LC,,06/07/2019,,,,,,,,,,,,,,,
Megascops sanctaecatarinae,Aves,Strigiformes,Strigidae,Megascops,sanctaecatarinae,,tamborcito grande,LC,,06/07/2019,,,,,,,,,,,,,,,
Melanerpes cactorum,Aves,Piciformes,Picidae,Melanerpes,cactorum,,carpintero del cardón,LC,,06/07/2019,,,,,,,,,,,,,,,
Melanerpes candidus,Aves,Piciformes,Picidae,Melanerpes,candidus,,carpintero blanco,LC,,06/07/2019,,,,,,,,,,,,,,,
Milvago chimachima,Aves,Falconiformes,Falconidae,Milvago,chimachima,,chimachima,LC,,06/07/2019,,,,,,,,,,,,,,,
Milvago chimango,Aves,Falconiformes,Falconidae,Milvago,chimango,,chimango,LC,,06/07/2019,,,,,,,,,,,,,,,
Mimus saturninus,Aves,Passeriformes,Mimidae,Mimus,saturninus,,calandria,LC,,06/07/2019,,,,,,,,,,,,,,,
Mimus triurus,Aves,Passeriformes,Mimidae,Mimus,triurus,,calandria tres colas,LC,,06/07/2019,,,,,,,,,,,,,,,
Molothrus bonariensis,Aves,Passeriformes,Icteridae,Molothrus,bonariensis,,tordo común,LC,,06/07/2019,,,,,,,,,,,,,,,
Molothrus rufoaxillaris,Aves,Passeriformes,Icteridae,Molothrus,rufoaxillaris,,tordo pico corto,LC,,06/07/2019,,,,,,,,,,,,,,,
Morus capensis,Aves,Suliformes,Sulidae,Morus,capensis,,,EN,,06/07/2019,,,,,,,,,,,,,,,
Muscisaxicola maclovianus,Aves,Passeriformes,Tyrannidae,Muscisaxicola,maclovianus,,dormilona cara negra,LC,,06/07/2019,,,,,,,,,,,,,,,
Mycteria americana,Aves,Ciconiiformes,Ciconiidae,Mycteria,americana,,cigüeña cabeza pelada,LC,,06/07/2019,,,,,,,,,,,,,,,
Myiarchus ferox,Aves,Passeriformes,Tyrannidae,Myiarchus,ferox,,,LC,,06/07/2019,,,,,,,,,,,,,,,
Myiarchus swainsoni,Aves,Passeriformes,Tyrannidae,Myiarchus,swainsoni,,burlisto común,LC,,06/07/2019,,,,,,,,,,,,,,,
Myiarchus tyrannulus,Aves,Passeriformes,Tyrannidae,Myiarchus,tyrannulus,,burlisto cola castaña,LC,,06/07/2019,,,,,,,,,,,,,,,
Myiodynastes maculatus,Aves,Passeriformes,Tyrannidae,Myiodynastes,maculatus,,benteveo rayado,LC,,06/07/2019,,,,,,,,,,,,,,,
Myiopagis viridicata,Aves,Passeriformes,Tyrannidae,Myiopagis,viridicata,,papamoscas verdoso,LC,,06/07/2019,,,,,,,,,,,,,,,
Myiophobus fasciatus,Aves,Passeriformes,Tyrannidae,Myiophobus,fasciatus,,mosqueta corona amarilla,LC,,06/07/2019,,,,,,,,,,,,,,,
Myiopsitta monachus,Aves,Psittaciformes,Psittacidae,Myiopsitta,monachus,,cotorra,LC,,06/07/2019,,,,,,,,,,,,,,,
Myiothlypis leucoblephara,Aves,Passeriformes,Parulidae,Myiothlypis,leucoblephara,,arañero oliváceo,LC,,06/07/2019,,,,,,,,,,,,,,,
Neoxolmis rufiventris,Aves,Passeriformes,Tyrannidae,Neoxolmis,rufiventris,,viudita chocolate,LC,,06/07/2019,,,,,,,,,,,,,,,
Netta peposaca,Aves,Anseriformes,Anatidae,Netta,peposaca,,pato picazo,LC,,06/07/2019,,,,,,,,,,,,,,,
Nomonyx dominicus,Aves,Anseriformes,Anatidae,Nomonyx,dominicus,,,LC,,06/07/2019,,,,,,,,,,,,,,,
Nothura maculosa,Aves,Tinamiformes,Tinamidae,Nothura,maculosa,,perdiz,LC,,06/07/2019,,,,,,,,,,,,,,,
Notiochelidon cyanoleuca,Aves,Passeriformes,Hirundinidae,Notiochelidon,cyanoleuca,,golondrina azul chica,LC,,06/07/2019,,,,,,,,,,,,,,,
Numenius phaeopus,Aves,Charadriiformes,Scolopacidae,Numenius,phaeopus,,playero trinador,LC,,06/07/2019,,,,,,,,,,,,,,,
Nyctibius griseus,Aves,Nyctibiiformes,Nyctibiidae,Nyctibius,griseus,,urutaú,LC,,06/07/2019,,,,,,,,,,,,,,,
Nycticorax nycticorax,Aves,Pelecaniformes,Ardeidae,Nycticorax,nycticorax,,garza bruja,LC,,06/07/2019,,,,,,,,,,,,,,,
Nycticryphes semicollaris,Aves,Charadriiformes,Rostratulidae,Nycticryphes,semicollaris,,aguatero,LC,,06/07/2019,,,,,,,,,,,,,,,
Nyctidromus albicollis,Aves,Caprimulgiformes,Caprimulgidae,Nyctidromus,albicollis,,curiango,LC,,06/07/2019,,,,,,,,,,,,,,,
Oceanites oceanicus,Aves,Procellariiformes,Hydrobatidae,Oceanites,oceanicus,,paíño pardo,LC,,06/07/2019,,,,,,,,,,,,,,,
Oreopholus ruficollis,Aves,Charadriiformes,Charadriidae,Oreopholus,ruficollis,,chorlo cabezón,LC,EN,06/07/2019,,,,,,,,,,,,,,,
Oxyura vittata,Aves,Anseriformes,Anatidae,Oxyura,vittata,,pato zambullidor,LC,,06/07/2019,,,,,,,,,,,,,,,
Pachyptila belcheri,Aves,Procellariiformes,Procellariidae,Pachyptila,belcheri,,prión pico fino,LC,,06/07/2019,,,,,,,,,,,,,,,
Pachyptila desolata,Aves,Procellariiformes,Procellariidae,Pachyptila,desolata,,prión pico ancho,LC,,06/07/2019,,,,,,,,,,,,,,,
Pachyramphus polychopterus,Aves,Passeriformes,Cotingidae,Pachyramphus,polychopterus,,anambé negro,LC,,06/07/2019,,,,,,,,,,,,,,,
Pachyramphus validus,Aves,Passeriformes,Cotingidae,Pachyramphus,validus,,anambé,LC,,06/07/2019,,,,,,,,,,,,,,,
Pachyramphus viridis,Aves,Passeriformes,Cotingidae,Pachyramphus,viridis,,abambé verdoso,LC,,06/07/2019,,,,,,,,,,,,,,,
Pandion haliaetus,Aves,Accipitriformes,Pandionidae,Pandion,haliaetus,,águila pescadora,LC,,06/07/2019,,,,,,,,,,,,,,,
Parabuteo unicinctus,Aves,Accipitriformes,Accipitridae,Parabuteo,unicinctus,,gavilán mixto,LC,,06/07/2019,,,,,,,,,,,,,,,
Pardirallus maculatus,Aves,Gruiformes,Rallidae,Pardirallus,maculatus,,gallineta overa,LC,,06/07/2019,,,,,,,,,,,,,,,
Pardirallus sanguinolentus,Aves,Gruiformes,Rallidae,Pardirallus,sanguinolentus,,gallineta común,LC,,06/07/2019,,,,,,,,,,,,,,,
Paroaria capitata,Aves,Passeriformes,Thraupidae,Paroaria,capitata,,cardenilla,LC,,06/07/2019,,,,,,,,,,,,,,,
Paroaria coronata,Aves,Passeriformes,Thraupidae,Paroaria,coronata,,cardenal copete rojo,LC,,06/07/2019,,,,,,,,,,,,,,,
Passer domesticus,Aves,Passeriformes,Passeridae,Passer,domesticus,,gorrión,LC,,06/07/2019,,,,,,,,,,,,,,,
Patagioenas cayennensis,Aves,Columbiformes,Columbidae,Patagioenas,cayennensis,,paloma colorada,LC,,06/07/2019,,,,,,,,,,,,,,,
Patagioenas maculosa,Aves,Columbiformes,Columbidae,Patagioenas,maculosa,,paloma ala manchada,LC,,06/07/2019,,,,,,,,,,,,,,,
Patagioenas picazuro,Aves,Columbiformes,Columbidae,Patagioenas,picazuro,,paloma de monte,LC,,06/07/2019,,,,,,,,,,,,,,,
Penelope obscura,Aves,Galliformes,Cracidae,Penelope,obscura,,pava de monte,LC,,06/07/2019,,,,,,,,,,,,,,,
Petrochelidon pyrrhonota,Aves,Passeriformes,Hirundinidae,Petrochelidon,pyrrhonota,,golondrina rabadilla canela,LC,,06/07/2019,,,,,,,,,,,,,,,
Phacellodomus ferrugineigula,Aves,Passeriformes,Furnariidae,Phacellodomus,ferrugineigula,,tiotío ojo rojo,LC,,06/07/2019,,,,,,,,,,,,,,,
Phacellodomus ruber,Aves,Passeriformes,Furnariidae,Phacellodomus,ruber,,tiotío grande,LC,,06/07/2019,,,,,,,,,,,,,,,
Phacellodomus sibilatrix,Aves,Passeriformes,Furnariidae,Phacellodomus,sibilatrix,,tiotío chico,LC,,06/07/2019,,,,,,,,,,,,,,,
Phacellodomus striaticollis,Aves,Passeriformes,Furnariidae,Phacellodomus,striaticollis,,tiotío común,LC,,06/07/2019,,,,,,,,,,,,,,,
Phaetusa simplex,Aves,Charadriiformes,Laridae,Phaetusa,simplex,,atí,LC,,06/07/2019,,,,,,,,,,,,,,,
Phalacrocorax brasilianus,Aves,Suliformes,Phalacrocoracidae,Phalacrocorax,brasilianus,,biguá,LC,,06/07/2019,,,,,,,,,,,,,,,
Phalaropus tricolor,Aves,Charadriiformes,Scolopacidae,Phalaropus,tricolor,,falaropo común,LC,,06/07/2019,,,,,,,,,,,,,,,
Phimosus infuscatus,Aves,Pelecaniformes,Threskiornithidae,Phimosus,infuscatus,,cuervillo cara pelada,LC,,06/07/2019,,,,,,,,,,,,,,,
Phleocryptes melanops,Aves,Passeriformes,Furnariidae,Phleocryptes,melanops,,junquero,LC,,06/07/2019,,,,,,,,,,,,,,,
Phoenicopterus chilensis,Aves,Phoenicopteriformes,Phoenicopteridae,Phoenicopterus,chilensis,,flamenco austral,NT,,06/07/2019,,,,,,,,,,,,,,,
Phrygilus fruticeti,Aves,Passeriformes,Thraupidae,Phrygilus,fruticeti,,yal negro,LC,,06/07/2019,,,,,,,,,,,,,,,
Phylloscartes ventralis,Aves,Passeriformes,Tyrannidae,Phylloscartes,ventralis,,ligerito,LC,,06/07/2019,,,,,,,,,,,,,,,
Phytotoma rutila,Aves,Passeriformes,Cotingidae,Phytotoma,rutila,,cortarramas,LC,,06/07/2019,,,,,,,,,,,,,,,
Piaya cayana,Aves,Cuculiformes,Cuculidae,Piaya,cayana,,pirincho de monte,LC,,06/07/2019,,,,,,,,,,,,,,,
Piculus aurulentus,Aves,Piciformes,Picidae,Piculus,aurulentus,,carpintero dorado,NT,,06/07/2019,,,,,,,,,,,,,,,
Picumnus cirratus,Aves,Piciformes,Picidae,Picumnus,cirratus,,carpintero barrado,LC,,06/07/2019,,,,,,,,,,,,,,,
Picumnus nebulosus,Aves,Piciformes,Picidae,Picumnus,nebulosus,,carpintero enano,NT,,06/07/2019,,,,,,,,,,,,,,,
Pipraeidea melanonota,Aves,Passeriformes,Thraupidae,Pipraeidea,melanonota,,viuva,LC,,06/07/2019,,,,,,,,,,,,,,,
Piranga flava,Aves,Passeriformes,Cardinalidae,Piranga,flava,,fueguero,LC,,06/07/2019,,,,,,,,,,,,,,,
Pitangus sulphuratus,Aves,Passeriformes,Tyrannidae,Pitangus,sulphuratus,,benteveo,LC,,06/07/2019,,,,,,,,,,,,,,,
Platalea ajaja,Aves,Pelecaniformes,Threskiornithidae,Platalea,ajaja,,espátula rosada,LC,,06/07/2019,,,,,,,,,,,,,,,
Plegadis chihi,Aves,Pelecaniformes,Threskiornithidae,Plegadis,chihi,,cuervillo de cañada,LC,,06/07/2019,,,,,,,,,,,,,,,
Pluvialis dominica,Aves,Charadriiformes,Charadriidae,Pluvialis,dominica,,chorlo dorado,LC,,06/07/2019,,,,,,,,,,,,,,,
Pluvialis squatarola,Aves,Charadriiformes,Charadriidae,Pluvialis,squatarola,,chorlo ártico,LC,,06/07/2019,,,,,,,,,,,,,,,
Podiceps major,Aves,Podicipediformes,Podicipedidae,Podiceps,major,,macá grande,LC,,06/07/2019,,,,,,,,,,,,,,,
Podilymbus podiceps,Aves,Podicipediformes,Podicipedidae,Podilymbus,podiceps,,macá pico grueso,LC,,06/07/2019,,,,,,,,,,,,,,,
Poecilotriccus plumbeiceps,Aves,Passeriformes,Tyrannidae,Poecilotriccus,plumbeiceps,,mosqueta cara canela,LC,,06/07/2019,,,,,,,,,,,,,,,
Polioptila dumicola,Aves,Passeriformes,Polioptilidae,Polioptila,dumicola,,piojito azulado,LC,,06/07/2019,,,,,,,,,,,,,,,
Polystictus pectoralis,Aves,Passeriformes,Tyrannidae,Polystictus,pectoralis,,tachurí canela,NT,,06/07/2019,,,,,,,,,,,,,,,
Poospiza cabanisi,Aves,Passeriformes,Thraupidae,Poospiza,cabanisi,,monterita rabadilla roja,LC,,06/07/2019,,,,,,,,,,,,,,,
Poospiza cinerea,Aves,Passeriformes,Thraupidae,Poospiza,cinerea,,,LC,,06/07/2019,,,,,,,,,,,,,,,
Poospiza lateralis,Aves,Passeriformes,Thraupidae,Poospiza,lateralis,,monterita rabadilla roja,LC,,06/07/2019,,,,,,,,,,,,,,,
Poospiza melanoleuca,Aves,Passeriformes,Thraupidae,Poospiza,melanoleuca,,monterita cabeza negra,LC,,06/07/2019,,,,,,,,,,,,,,,
Poospiza nigrorufa,Aves,Passeriformes,Thraupidae,Poospiza,nigrorufa,,sietevestidos,LC,,06/07/2019,,,,,,,,,,,,,,,
Poospiza ornata,Aves,Passeriformes,Thraupidae,Poospiza,ornata,,monterita canela,LC,,06/07/2019,,,,,,,,,,,,,,,
Porphyrio martinica,Aves,Gruiformes,Rallidae,Porphyrio,martinica,,polla azul,LC,,06/07/2019,,,,,,,,,,,,,,,
Porphyriops melanops,Aves,Gruiformes,Rallidae,Porphyriops,melanops,,polla pintada,LC,,06/07/2019,,,,,,,,,,,,,,,
Porzana spiloptera,Aves,Gruiformes,Rallidae,Porzana,spiloptera,,burrito plomizo,VU,,06/07/2019,,,,,,,,,,,,,,,
Procellaria aequinoctialis,Aves,Procellariiformes,Procellariidae,Procellaria,aequinoctialis,,petrel barba blanca,VU,,06/07/2019,,,,,,,,,,,,,,,
Progne chalybea,Aves,Passeriformes,Hirundinidae,Progne,chalybea,,golondrina azul grande,LC,,06/07/2019,,,,,,,,,,,,,,,
Progne elegans,Aves,Passeriformes,Hirundinidae,Progne,elegans,,golondrina negra,LC,,06/07/2019,,,,,,,,,,,,,,,
Progne tapera,Aves,Passeriformes,Hirundinidae,Progne,tapera,,golondrina parda grande,LC,,06/07/2019,,,,,,,,,,,,,,,
Pseudocolopteryx flaviventris,Aves,Passeriformes,Tyrannidae,Pseudocolopteryx,flaviventris,,piojito amarillo,LC,,06/07/2019,,,,,,,,,,,,,,,
Pseudoleistes guirahuro,Aves,Passeriformes,Icteridae,Pseudoleistes,guirahuro,,canario de la sierra,LC,,06/07/2019,,,,,,,,,,,,,,,
Pseudoleistes virescens,Aves,Passeriformes,Icteridae,Pseudoleistes,virescens,,pecho amarillo,LC,,06/07/2019,,,,,,,,,,,,,,,
Pseudoscops clamator,Aves,Strigiformes,Strigidae,Pseudoscops,clamator,,lechuzón orejudo,LC,,06/07/2019,,,,,,,,,,,,,,,
Pseudoseisura lophotes,Aves,Passeriformes,Furnariidae,Pseudoseisura,lophotes,,hornerón,LC,,06/07/2019,,,,,,,,,,,,,,,
Psittacara leucophthalmus,Aves,Psittaciformes,Psittacidae,Psittacara,leucophthalmus,,loro maracaná,LC,,06/07/2019,,,,,,,,,,,,,,,
Pterodroma incerta,Aves,Procellariiformes,Procellariidae,Pterodroma,incerta,,petrel cabez parda,EN,EN,06/07/2019,,,,,,,,,,,,,,,
Pterodroma mollis,Aves,Procellariiformes,Procellariidae,Pterodroma,mollis,,petrel collar gris,LC,,06/07/2019,,,,,,,,,,,,,,,
Puffinus puffinus,Aves,Procellariiformes,Procellariidae,Puffinus,puffinus,,pardela boreal,LC,,06/07/2019,,,,,,,,,,,,,,,
Pyrocephalus rubinus,Aves,Passeriformes,Tyrannidae,Pyrocephalus,rubinus,,churrinche,LC,,06/07/2019,,,,,,,,,,,,,,,
Pyrrhura frontalis,Aves,Psittaciformes,Psittacidae,Pyrrhura,frontalis,,chiripepe,LC,,06/07/2019,,,,,,,,,,,,,,,
Ramphastos toco,Aves,Piciformes,Ramphastidae,Ramphastos,toco,,tucán grande,LC,,06/07/2019,,,,,,,,,,,,,,,
Rhea americana,Aves,Rheiformes,Rheidae,Rhea,americana,,ñandú,NT,,06/07/2019,,,,,,,,,,,,,,,
Rhynchotus rufescens,Aves,Tinamiformes,Tinamidae,Rhynchotus,rufescens,,martineta,LC,,06/07/2019,,,,,,,,,,,,,,,
Riparia riparia,Aves,Passeriformes,Hirundinidae,Riparia,riparia,,golondrina parda chica,LC,,06/07/2019,,,,,,,,,,,,,,,
Rollandia rolland,Aves,Podicipediformes,Podicipedidae,Rollandia,rolland,,macá común,LC,,06/07/2019,,,,,,,,,,,,,,,
Rostrhamus sociabilis,Aves,Accipitriformes,Accipitridae,Rostrhamus,sociabilis,,caracolero,LC,,06/07/2019,,,,,,,,,,,,,,,
Rupornis magnirostris,Aves,Accipitriformes,Accipitridae,Rupornis,magnirostris,,gavilán común,LC,,06/07/2019,,,,,,,,,,,,,,,
Rynchops niger,Aves,Charadriiformes,Laridae,Rynchops,niger,,,LC,,06/07/2019,,,,,,,,,,,,,,,
Saltator aurantiirostris,Aves,Passeriformes,Cardinalidae,Saltator,aurantiirostris,,rey del bosque común,LC,,06/07/2019,,,,,,,,,,,,,,,
Saltator coerulescens,Aves,Passeriformes,Cardinalidae,Saltator,coerulescens,,rey del bosque gris,LC,,06/07/2019,,,,,,,,,,,,,,,
Saltator similis,Aves,Passeriformes,Cardinalidae,Saltator,similis,,rey del bosque verdoso,LC,,06/07/2019,,,,,,,,,,,,,,,
Saltatricula multicolor,Aves,Passeriformes,Thraupidae,Saltatricula,multicolor,,pepitero chico,LC,,06/07/2019,,,,,,,,,,,,,,,
Satrapa icterophrys,Aves,Passeriformes,Tyrannidae,Satrapa,icterophrys,,vinchero,LC,,06/07/2019,,,,,,,,,,,,,,,
Schoeniophylax phryganophilus,Aves,Passeriformes,Furnariidae,Schoeniophylax,phryganophilus,,chotoy,LC,,06/07/2019,,,,,,,,,,,,,,,
Serpophaga griseicapilla,Aves,Passeriformes,Tyrannidae,Serpophaga,griseicapilla,,tiquitiqui trinador,LC,,06/07/2019,,,,,,,,,,,,,,,
Serpophaga munda,Aves,Passeriformes,Tyrannidae,Serpophaga,munda,,tiquitiqui vientre blanco,LC,,06/07/2019,,,,,,,,,,,,,,,
Serpophaga nigricans,Aves,Passeriformes,Tyrannidae,Serpophaga,nigricans,,tiquitiqui oscuro,LC,,06/07/2019,,,,,,,,,,,,,,,
Serpophaga subcristata,Aves,Passeriformes,Tyrannidae,Serpophaga,subcristata,,tiquitiqui común,LC,,06/07/2019,,,,,,,,,,,,,,,
Setopagis parvula,Aves,Caprimulgiformes,Caprimulgidae,Setopagis,parvula,,dormilón chico,LC,,06/07/2019,,,,,,,,,,,,,,,
Setophaga pitiayumi,Aves,Passeriformes,Parulidae,Setophaga,pitiayumi,,pitiayumí,LC,,06/07/2019,,,,,,,,,,,,,,,
Sicalis flaveola,Aves,Passeriformes,Thraupidae,Sicalis,flaveola,,dorado,LC,,06/07/2019,,,,,,,,,,,,,,,
Sicalis luteola,Aves,Passeriformes,Thraupidae,Sicalis,luteola,,misto,LC,,06/07/2019,,,,,,,,,,,,,,,
Sittasomus griseicapillus,Aves,Passeriformes,Furnariidae,Sittasomus,griseicapillus,,taferero,LC,,06/07/2019,,,,,,,,,,,,,,,
Spartonoica maluroides,Aves,Passeriformes,Furnariidae,Spartonoica,maluroides,,espartillero enano,NT,,06/07/2019,,,,,,,,,,,,,,,
Spatula platalea,Aves,Anseriformes,Anatidae,Spatula,platalea,,pato cuchara,LC,,06/07/2019,,,,,,,,,,,,,,,
Spatula versicolor,Aves,Anseriformes,Anatidae,Spatula,versicolor,,pato capuchino,LC,,06/07/2019,,,,,,,,,,,,,,,
Spheniscus magellanicus,Aves,Sphenisciformes,Spheniscidae,Spheniscus,magellanicus,,pingüino de magallanes,NT,,06/07/2019,,,,,,,,,,,,,,,
Spinus magellanicus,Aves,Passeriformes,Fringillidae,Spinus,magellanicus,,cabecita negra,LC,,06/07/2019,,,,,,,,,,,,,,,
Sporophila caerulescens,Aves,Passeriformes,Thraupidae,Sporophila,caerulescens,,gargantillo,LC,,06/07/2019,,,,,,,,,,,,,,,
Sporophila cinnamomea,Aves,Passeriformes,Thraupidae,Sporophila,cinnamomea,,capuchino corona gris,VU,,06/07/2019,,,,,,,,,,,,,,,
Sporophila collaris,Aves,Passeriformes,Thraupidae,Sporophila,collaris,,dominó,LC,,06/07/2019,,,,,,,,,,,,,,,
Sporophila hypochroma,Aves,Passeriformes,Thraupidae,Sporophila,hypochroma,,capuchino castaño,NT,,06/07/2019,,,,,,,,,,,,,,,
Sporophila hypoxantha,Aves,Passeriformes,Thraupidae,Sporophila,hypoxantha,,capuchino canela,LC,,06/07/2019,,,,,,,,,,,,,,,
Sporophila palustris,Aves,Passeriformes,Thraupidae,Sporophila,palustris,,capuchino pecho blanco,EN,,06/07/2019,,,,,,,,,,,,,,,
Sporophila ruficollis,Aves,Passeriformes,Thraupidae,Sporophila,ruficollis,,capuchino garganta café,NT,,06/07/2019,,,,,,,,,,,,,,,
Stelgidopteryx ruficollis,Aves,Passeriformes,Hirundinidae,Stelgidopteryx,ruficollis,,golondrina cuello canela,LC,,06/07/2019,,,,,,,,,,,,,,,
Stephanophorus diadematus,Aves,Passeriformes,Thraupidae,Stephanophorus,diadematus,,cardenal azul,LC,,06/07/2019,,,,,,,,,,,,,,,
Stercorarius antarcticus,Aves,Charadriiformes,Stercorariidae,Stercorarius,antarcticus,,escúa antártica,NE,,06/07/2019,,,,,,,,,,,,,,,
Stercorarius chilensis,Aves,Charadriiformes,Stercorariidae,Stercorarius,chilensis,,escúa chilena,LC,,06/07/2019,,,,,,,,,,,,,,,
Stercorarius maccormicki,Aves,Charadriiformes,Stercorariidae,Stercorarius,maccormicki,,,LC,,06/07/2019,,,,,,,,,,,,,,,
Stercorarius parasiticus,Aves,Charadriiformes,Stercorariidae,Stercorarius,parasiticus,,salteador chico,LC,,06/07/2019,,,,,,,,,,,,,,,
Stercorarius pomarinus,Aves,Charadriiformes,Stercorariidae,Stercorarius,pomarinus,,salteador grande,LC,,06/07/2019,,,,,,,,,,,,,,,
Sterna hirundinacea,Aves,Charadriiformes,Laridae,Sterna,hirundinacea,,gaviotín cola larga,LC,,06/07/2019,,,,,,,,,,,,,,,
Sterna hirundo,Aves,Charadriiformes,Laridae,Sterna,hirundo,,gaviotín golondrina,LC,,06/07/2019,,,,,,,,,,,,,,,
Sterna trudeaui,Aves,Charadriiformes,Laridae,Sterna,trudeaui,,gaviotín de antifaz,LC,,06/07/2019,,,,,,,,,,,,,,,
Sterna vittata,Aves,Charadriiformes,Laridae,Sterna,vittata,,gaviotín antártico,LC,,06/07/2019,,,,,,,,,,,,,,,
Sternula antillarum,Aves,Charadriiformes,Laridae,Sternula,antillarum,,,LC,,06/07/2019,,,,,,,,,,,,,,,
Sternula superciliaris,Aves,Charadriiformes,Laridae,Sternula,superciliaris,,gaviotín chico,LC,,06/07/2019,,,,,,,,,,,,,,,
Streptoprocne zonaris,Aves,Apodiformes,Apodidae,Streptoprocne,zonaris,,vencejo de collar,LC,,06/07/2019,,,,,,,,,,,,,,,
Sturnella defilippii,Aves,Passeriformes,Icteridae,Sturnella,defilippii,,loica pampeana,VU,EN,06/07/2019,,,,,,,,,,,,,,,
Sturnella superciliaris,Aves,Passeriformes,Icteridae,Sturnella,superciliaris,,pecho colorado,LC,,06/07/2019,,,,,,,,,,,,,,,
Sublegatus modestus,Aves,Passeriformes,Tyrannidae,Sublegatus,modestus,,suirirí copetón,LC,,06/07/2019,,,,,,,,,,,,,,,
Suiriri suiriri,Aves,Passeriformes,Tyrannidae,Suiriri,suiriri,,suirirí común,LC,,06/07/2019,,,,,,,,,,,,,,,
Synallaxis albescens,Aves,Passeriformes,Furnariidae,Synallaxis,albescens,,pijuí blancuzco,LC,,06/07/2019,,,,,,,,,,,,,,,
Synallaxis cinerascens,Aves,Passeriformes,Furnariidae,Synallaxis,cinerascens,,pijuí oscuro,LC,,06/07/2019,,,,,,,,,,,,,,,
Synallaxis frontalis,Aves,Passeriformes,Furnariidae,Synallaxis,frontalis,,pijuí frente gris,LC,,06/07/2019,,,,,,,,,,,,,,,
Synallaxis ruficapilla,Aves,Passeriformes,Furnariidae,Synallaxis,ruficapilla,,,LC,,06/07/2019,,,,,,,,,,,,,,,
Synallaxis spixi,Aves,Passeriformes,Furnariidae,Synallaxis,spixi,,pijuí común,LC,,06/07/2019,,,,,,,,,,,,,,,
Syndactyla rufosuperciliata,Aves,Passeriformes,Furnariidae,Syndactyla,rufosuperciliata,,tirirí,LC,,06/07/2019,,,,,,,,,,,,,,,
Syrigma sibilatrix,Aves,Pelecaniformes,Ardeidae,Syrigma,sibilatrix,,garza amarilla,LC,,06/07/2019,,,,,,,,,,,,,,,
Systellura longirostris,Aves,Caprimulgiformes,Caprimulgidae,Systellura,longirostris,,dormilón patagónico,LC,,06/07/2019,,,,,,,,,,,,,,,
Tachuris rubrigastra,Aves,Passeriformes,Tyrannidae,Tachuris,rubrigastra,,sietecolores de laguna,LC,,06/07/2019,,,,,,,,,,,,,,,
Tachybaptus dominicus,Aves,Podicipediformes,Podicipedidae,Tachybaptus,dominicus,,macá gris,LC,,06/07/2019,,,,,,,,,,,,,,,
Tachycineta leucopyga,Aves,Passeriformes,Hirundinidae,Tachycineta,leucopyga,,,LC,,06/07/2019,,,,,,,,,,,,,,,
Tachycineta leucorrhoa,Aves,Passeriformes,Hirundinidae,Tachycineta,leucorrhoa,,golondrina ceja blanca,LC,,06/07/2019,,,,,,,,,,,,,,,
Tachyphonus coronatus,Aves,Passeriformes,Thraupidae,Tachyphonus,coronatus,,frutero coronado,LC,,06/07/2019,,,,,,,,,,,,,,,
Tangara preciosa,Aves,Passeriformes,Thraupidae,Tangara,preciosa,,achará,LC,,06/07/2019,,,,,,,,,,,,,,,
Tapera naevia,Aves,Cuculiformes,Cuculidae,Tapera,naevia,,crespín,LC,,06/07/2019,,,,,,,,,,,,,,,
Thalassarche chlororhynchos,Aves,Procellariiformes,Diomedeidae,Thalassarche,chlororhynchos,,albatros pico fino,EN,EN,06/07/2019,,,,,,,,,,,,,,,
Thalassarche melanophris,Aves,Procellariiformes,Diomedeidae,Thalassarche,melanophris,,albatros ceja negra,LC,,06/07/2019,,,,,,,,,,,,,,,
Thalasseus maximus,Aves,Charadriiformes,Laridae,Thalasseus,maximus,,gaviotín real,LC,CR,06/07/2019,,,,,,,,,,,,,,,
Thalasseus sandvicensis,Aves,Charadriiformes,Laridae,Thalasseus,sandvicensis,,gaviotín pico amarillo,LC,,06/07/2019,,,,,,,,,,,,,,,
Thamnophilus caerulescens,Aves,Passeriformes,Thamnophilidae,Thamnophilus,caerulescens,,batará plomizo,LC,,06/07/2019,,,,,,,,,,,,,,,
Thamnophilus ruficapillus,Aves,Passeriformes,Thamnophilidae,Thamnophilus,ruficapillus,,batará pardo,LC,,06/07/2019,,,,,,,,,,,,,,,
Theristicus caerulescens,Aves,Pelecaniformes,Threskiornithidae,Theristicus,caerulescens,,bandurria mora,LC,,06/07/2019,,,,,,,,,,,,,,,
Theristicus caudatus,Aves,Pelecaniformes,Threskiornithidae,Theristicus,caudatus,,bandurria amarilla,LC,,06/07/2019,,,,,,,,,,,,,,,
Thinocorus rumicivorus,Aves,Charadriiformes,Thinocoridae,Thinocorus,rumicivorus,,agachona,LC,,06/07/2019,,,,,,,,,,,,,,,
Thraupis bonariensis,Aves,Passeriformes,Thraupidae,Thraupis,bonariensis,,naranjero,NE,,06/07/2019,,,,,,,,,,,,,,,
Thraupis sayaca,Aves,Passeriformes,Thraupidae,Thraupis,sayaca,,celestón,LC,,06/07/2019,,,,,,,,,,,,,,,
Tigrisoma lineatum,Aves,Pelecaniformes,Ardeidae,Tigrisoma,lineatum,,garza colorada,LC,,06/07/2019,,,,,,,,,,,,,,,
Tolmomyias sulphurescens,Aves,Passeriformes,Tyrannidae,Tolmomyias,sulphurescens,,,LC,,06/07/2019,,,,,,,,,,,,,,,
Tringa flavipes,Aves,Charadriiformes,Scolopacidae,Tringa,flavipes,,playero patas amarillas chico,LC,,06/07/2019,,,,,,,,,,,,,,,
Tringa melanoleuca,Aves,Charadriiformes,Scolopacidae,Tringa,melanoleuca,,playero patas amarillas grande,LC,,06/07/2019,,,,,,,,,,,,,,,
Tringa semipalmata,Aves,Charadriiformes,Scolopacidae,Tringa,semipalmata,,playero ala blanca,LC,,06/07/2019,,,,,,,,,,,,,,,
Tringa solitaria,Aves,Charadriiformes,Scolopacidae,Tringa,solitaria,,playerito solitario,LC,,06/07/2019,,,,,,,,,,,,,,,
Troglodytes aedon,Aves,Passeriformes,Troglodytidae,Troglodytes,aedon,,ratonera,LC,,06/07/2019,,,,,,,,,,,,,,,
Trogon surrucura,Aves,Trogoniformes,Trogonidae,Trogon,surrucura,,trogon,LC,,06/07/2019,,,,,,,,,,,,,,,
Turdus albicollis,Aves,Passeriformes,Turdidae,Turdus,albicollis,,zorzal collar blanco,LC,,06/07/2019,,,,,,,,,,,,,,,
Turdus amaurochalinus,Aves,Passeriformes,Turdidae,Turdus,amaurochalinus,,sabiá,LC,,06/07/2019,,,,,,,,,,,,,,,
Turdus flavipes,Aves,Passeriformes,Turdidae,Turdus,flavipes,,zorzal azulado,LC,,06/07/2019,,,,,,,,,,,,,,,
Turdus leucomelas,Aves,Passeriformes,Turdidae,Turdus,leucomelas,,sabiá misionero,LC,,06/07/2019,,,,,,,,,,,,,,,
Turdus nigriceps,Aves,Passeriformes,Turdidae,Turdus,nigriceps,,zorzal cabeza negra,LC,,06/07/2019,,,,,,,,,,,,,,,
Turdus rufiventris,Aves,Passeriformes,Turdidae,Turdus,rufiventris,,zorzal común,LC,,06/07/2019,,,,,,,,,,,,,,,
Tyrannus melancholicus,Aves,Passeriformes,Tyrannidae,Tyrannus,melancholicus,,benteveo real,LC,,06/07/2019,,,,,,,,,,,,,,,
Tyrannus savana,Aves,Passeriformes,Tyrannidae,Tyrannus,savana,,tijereta,LC,,06/07/2019,,,,,,,,,,,,,,,
Tyrannus tyrannus,Aves,Passeriformes,Tyrannidae,Tyrannus,tyrannus,,,LC,,06/07/2019,,,,,,,,,,,,,,,
Tyto alba,Aves,Strigiformes,Tytonidae,Tyto,alba,,lechuza de campanario,LC,,06/07/2019,,,,,,,,,,,,,,,
Vanellus chilensis,Aves,Charadriiformes,Charadriidae,Vanellus,chilensis,,tero,LC,,06/07/2019,,,,,,,,,,,,,,,
Veniliornis mixtus,Aves,Piciformes,Picidae,Veniliornis,mixtus,,carpintero bataraz,LC,,06/07/2019,,,,,,,,,,,,,,,
Veniliornis spilogaster,Aves,Piciformes,Picidae,Veniliornis,spilogaster,,carpintero manchado,LC,,06/07/2019,,,,,,,,,,,,,,,
Vireo olivaceus,Aves,Passeriformes,Vireonidae,Vireo,olivaceus,,chiví,LC,,06/07/2019,,,,,,,,,,,,,,,
Volatinia jacarina,Aves,Passeriformes,Thraupidae,Volatinia,jacarina,,volatinero,LC,,06/07/2019,,,,,,,,,,,,,,,
Xanthopsar flavus,Aves,Passeriformes,Icteridae,Xanthopsar,flavus,,dragón,VU,,06/07/2019,,,,,,,,,,,,,,,
Xenopsaris albinucha,Aves,Passeriformes,Cotingidae,Xenopsaris,albinucha,,tijerilla,LC,,06/07/2019,,,,,,,,,,,,,,,
Xolmis cinereus,Aves,Passeriformes,Tyrannidae,Xolmis,cinereus,,escarchero,LC,,06/07/2019,,,,,,,,,,,,,,,
Xolmis coronatus,Aves,Passeriformes,Tyrannidae,Xolmis,coronatus,,viudita coronada,LC,,06/07/2019,,,,,,,,,,,,,,,
Xolmis irupero,Aves,Passeriformes,Tyrannidae,Xolmis,irupero,,viudita blanca común,LC,,06/07/2019,,,,,,,,,,,,,,,
Zenaida auriculata,Aves,Columbiformes,Columbidae,Zenaida,auriculata,,torcaza,LC,,06/07/2019,,,,,,,,,,,,,,,
Zonotrichia capensis,Aves,Passeriformes,Emberizidae,Zonotrichia,capensis,,chingolo,LC,,06/07/2019,,,,,,,,,,,,,,,
,,,,,,,,,,,,,,,,,,,,,,,,,
,,,,,,,,,,,,,,,,,,,,,,,,,
,,,,,,,,,,,,,,,,,,,,,,,,,
,,,,,,,,,,,,,,,,,,,,,,,,,
,,,,,,,,,,,,,,,,,,,,,,,,,
,,,,,,,,,,,,,,,,,,,,,,,,,
,,,,,,,,,,,,,,,,,,,,,,,,,
,,,,,,,,,,,,,,,,,,,,,,,,,
,,,,,,,,,,,,,,,,,,,,,,,,,
,,,,,,,,,,,,,,,,,,,,,,,,,
,,,,,,,,,,,,,,,,,,,,,,,,,
,,,,,,,,,,,,,,,,,,,,,,,,,
,,,,,,,,,,,,,,,,,,,,,,,,,
,,,,,,,,,,,,,,,,,,,,,,,,,
,,,,,,,,,,,,,,,,,,,,,,,,,
,,,,,,,,,,,,,,,,,,,,,,,,,
,,,,,,,,,,,,,,,,,,,,,,,,,
,,,,,,,,,,,,,,,,,,,,,,,,,
,,,,,,,,,,,,,,,,,,,,,,,,,
,,,,,,,,,,,,,,,,,,,,,,,,,
,,,,,,,,,,,,,,,,,,,,,,,,,
,,,,,,,,,,,,,,,,,,,,,,,,,
,,,,,,,,,,,,,,,,,,,,,,,,,
,,,,,,,,,,,,,,,,,,,,,,,,,
,,,,,,,,,,,,,,,,,,,,,,,,,
,,,,,,,,,,,,,,,,,,,,,,,,,
,,,,,,,,,,,,,,,,,,,,,,,,,
,,,,,,,,,,,,,,,,,,,,,,,,,
,,,,,,,,,,,,,,,,,,,,,,,,,
,,,,,,,,,,,,,,,,,,,,,,,,,
,,,,,,,,,,,,,,,,,,,,,,,,,
,,,,,,,,,,,,,,,,,,,,,,,,,
,,,,,,,,,,,,,,,,,,,,,,,,,
,,,,,,,,,,,,,,,,,,,,,,,,,
,,,,,,,,,,,,,,,,,,,,,,,,,
,,,,,,,,,,,,,,,,,,,,,,,,,
,,,,,,,,,,,,,,,,,,,,,,,,,
,,,,,,,,,,,,,,,,,,,,,,,,,
,,,,,,,,,,,,,,,,,,,,,,,,,
,,,,,,,,,,,,,,,,,,,,,,,,,
,,,,,,,,,,,,,,,,,,,,,,,,,
,,,,,,,,,,,,,,,,,,,,,,,,,
,,,,,,,,,,,,,,,,,,,,,,,,,
,,,,,,,,,,,,,,,,,,,,,,,,,
,,,,,,,,,,,,,,,,,,,,,,,,,
,,,,,,,,,,,,,,,,,,,,,,,,,
,,,,,,,,,,,,,,,,,,,,,,,,,
,,,,,,,,,,,,,,,,,,,,,,,,,
,,,,,,,,,,,,,,,,,,,,,,,,,
,,,,,,,,,,,,,,,,,,,,,,,,,
,,,,,,,,,,,,,,,,,,,,,,,,,
,,,,,,,,,,,,,,,,,,,,,,,,,
,,,,,,,,,,,,,,,,,,,,,,,,,
,,,,,,,,,,,,,,,,,,,,,,,,,
,,,,,,,,,,,,,,,,,,,,,,,,,
,,,,,,,,,,,,,,,,,,,,,,,,,
,,,,,,,,,,,,,,,,,,,,,,,,,
,,,,,,,,,,,,,,,,,,,,,,,,,
,,,,,,,,,,,,,,,,,,,,,,,,,
,,,,,,,,,,,,,,,,,,,,,,,,,
,,,,,,,,,,,,,,,,,,,,,,,,,
,,,,,,,,,,,,,,,,,,,,,,,,,
,,,,,,,,,,,,,,,,,,,,,,,,,
,,,,,,,,,,,,,,,,,,,,,,,,,
,,,,,,,,,,,,,,,,,,,,,,,,,
,,,,,,,,,,,,,,,,,,,,,,,,,
,,,,,,,,,,,,,,,,,,,,,,,,,
,,,,,,,,,,,,,,,,,,,,,,,,,
,,,,,,,,,,,,,,,,,,,,,,,,,
,,,,,,,,,,,,,,,,,,,,,,,,,
,,,,,,,,,,,,,,,,,,,,,,,,,
,,,,,,,,,,,,,,,,,,,,,,,,,
,,,,,,,,,,,,,,,,,,,,,,,,,
,,,,,,,,,,,,,,,,,,,,,,,,,
,,,,,,,,,,,,,,,,,,,,,,,,,
,,,,,,,,,,,,,,,,,,,,,,,,,
,,,,,,,,,,,,,,,,,,,,,,,,,
,,,,,,,,,,,,,,,,,,,,,,,,,
,,,,,,,,,,,,,,,,,,,,,,,,,
,,,,,,,,,,,,,,,,,,,,,,,,,
,,,,,,,,,,,,,,,,,,,,,,,,,
,,,,,,,,,,,,,,,,,,,,,,,,,
,,,,,,,,,,,,,,,,,,,,,,,,,
,,,,,,,,,,,,,,,,,,,,,,,,,
,,,,,,,,,,,,,,,,,,,,,,,,,
,,,,,,,,,,,,,,,,,,,,,,,,,
,,,,,,,,,,,,,,,,,,,,,,,,,
,,,,,,,,,,,,,,,,,,,,,,,,,
,,,,,,,,,,,,,,,,,,,,,,,,,
,,,,,,,,,,,,,,,,,,,,,,,,,
,,,,,,,,,,,,,,,,,,,,,,,,,
,,,,,,,,,,,,,,,,,,,,,,,,,
,,,,,,,,,,,,,,,,,,,,,,,,,
,,,,,,,,,,,,,,,,,,,,,,,,,
,,,,,,,,,,,,,,,,,,,,,,,,,
,,,,,,,,,,,,,,,,,,,,,,,,,
,,,,,,,,,,,,,,,,,,,,,,,,,
,,,,,,,,,,,,,,,,,,,,,,,,,
,,,,,,,,,,,,,,,,,,,,,,,,,
,,,,,,,,,,,,,,,,,,,,,,,,,
,,,,,,,,,,,,,,,,,,,,,,,,,
,,,,,,,,,,,,,,,,,,,,,,,,,
,,,,,,,,,,,,,,,,,,,,,,,,,
,,,,,,,,,,,,,,,,,,,,,,,,,
,,,,,,,,,,,,,,,,,,,,,,,,,
,,,,,,,,,,,,,,,,,,,,,,,,,
,,,,,,,,,,,,,,,,,,,,,,,,,
,,,,,,,,,,,,,,,,,,,,,,,,,
,,,,,,,,,,,,,,,,,,,,,,,,,
,,,,,,,,,,,,,,,,,,,,,,,,,
,,,,,,,,,,,,,,,,,,,,,,,,,
,,,,,,,,,,,,,,,,,,,,,,,,,
,,,,,,,,,,,,,,,,,,,,,,,,,
,,,,,,,,,,,,,,,,,,,,,,,,,
,,,,,,,,,,,,,,,,,,,,,,,,,
,,,,,,,,,,,,,,,,,,,,,,,,,
,,,,,,,,,,,,,,,,,,,,,,,,,
,,,,,,,,,,,,,,,,,,,,,,,,,
,,,,,,,,,,,,,,,,,,,,,,,,,
,,,,,,,,,,,,,,,,,,,,,,,,,
,,,,,,,,,,,,,,,,,,,,,,,,,
,,,,,,,,,,,,,,,,,,,,,,,,,
,,,,,,,,,,,,,,,,,,,,,,,,,
,,,,,,,,,,,,,,,,,,,,,,,,,
,,,,,,,,,,,,,,,,,,,,,,,,,
,,,,,,,,,,,,,,,,,,,,,,,,,
,,,,,,,,,,,,,,,,,,,,,,,,,
,,,,,,,,,,,,,,,,,,,,,,,,,
,,,,,,,,,,,,,,,,,,,,,,,,,
,,,,,,,,,,,,,,,,,,,,,,,,,
,,,,,,,,,,,,,,,,,,,,,,,,,
,,,,,,,,,,,,,,,,,,,,,,,,,
,,,,,,,,,,,,,,,,,,,,,,,,,
,,,,,,,,,,,,,,,,,,,,,,,,,
,,,,,,,,,,,,,,,,,,,,,,,,,
,,,,,,,,,,,,,,,,,,,,,,,,,
,,,,,,,,,,,,,,,,,,,,,,,,,
,,,,,,,,,,,,,,,,,,,,,,,,,
,,,,,,,,,,,,,,,,,,,,,,,,,
,,,,,,,,,,,,,,,,,,,,,,,,,
,,,,,,,,,,,,,,,,,,,,,,,,,
,,,,,,,,,,,,,,,,,,,,,,,,,
,,,,,,,,,,,,,,,,,,,,,,,,,
,,,,,,,,,,,,,,,,,,,,,,,,,
,,,,,,,,,,,,,,,,,,,,,,,,,
,,,,,,,,,,,,,,,,,,,,,,,,,
,,,,,,,,,,,,,,,,,,,,,,,,,
,,,,,,,,,,,,,,,,,,,,,,,,,
,,,,,,,,,,,,,,,,,,,,,,,,,
,,,,,,,,,,,,,,,,,,,,,,,,,
,,,,,,,,,,,,,,,,,,,,,,,,,
,,,,,,,,,,,,,,,,,,,,,,,,,
,,,,,,,,,,,,,,,,,,,,,,,,,
,,,,,,,,,,,,,,,,,,,,,,,,,
,,,,,,,,,,,,,,,,,,,,,,,,,
,,,,,,,,,,,,,,,,,,,,,,,,,
,,,,,,,,,,,,,,,,,,,,,,,,,
,,,,,,,,,,,,,,,,,,,,,,,,,
,,,,,,,,,,,,,,,,,,,,,,,,,
,,,,,,,,,,,,,,,,,,,,,,,,,
,,,,,,,,,,,,,,,,,,,,,,,,,
,,,,,,,,,,,,,,,,,,,,,,,,,
,,,,,,,,,,,,,,,,,,,,,,,,,
,,,,,,,,,,,,,,,,,,,,,,,,,
,,,,,,,,,,,,,,,,,,,,,,,,,
,,,,,,,,,,,,,,,,,,,,,,,,,
,,,,,,,,,,,,,,,,,,,,,,,,,
,,,,,,,,,,,,,,,,,,,,,,,,,
,,,,,,,,,,,,,,,,,,,,,,,,,
,,,,,,,,,,,,,,,,,,,,,,,,,
,,,,,,,,,,,,,,,,,,,,,,,,,
,,,,,,,,,,,,,,,,,,,,,,,,,
,,,,,,,,,,,,,,,,,,,,,,,,,
,,,,,,,,,,,,,,,,,,,,,,,,,
,,,,,,,,,,,,,,,,,,,,,,,,,
,,,,,,,,,,,,,,,,,,,,,,,,,
,,,,,,,,,,,,,,,,,,,,,,,,,
,,,,,,,,,,,,,,,,,,,,,,,,,
,,,,,,,,,,,,,,,,,,,,,,,,,
,,,,,,,,,,,,,,,,,,,,,,,,,
,,,,,,,,,,,,,,,,,,,,,,,,,
,,,,,,,,,,,,,,,,,,,,,,,,,
,,,,,,,,,,,,,,,,,,,,,,,,,
,,,,,,,,,,,,,,,,,,,,,,,,,
,,,,,,,,,,,,,,,,,,,,,,,,,
,,,,,,,,,,,,,,,,,,,,,,,,,
,,,,,,,,,,,,,,,,,,,,,,,,,
,,,,,,,,,,,,,,,,,,,,,,,,,
,,,,,,,,,,,,,,,,,,,,,,,,,
,,,,,,,,,,,,,,,,,,,,,,,,,
,,,,,,,,,,,,,,,,,,,,,,,,,
,,,,,,,,,,,,,,,,,,,,,,,,,
,,,,,,,,,,,,,,,,,,,,,,,,,
,,,,,,,,,,,,,,,,,,,,,,,,,
,,,,,,,,,,,,,,,,,,,,,,,,,
,,,,,,,,,,,,,,,,,,,,,,,,,
,,,,,,,,,,,,,,,,,,,,,,,,,
,,,,,,,,,,,,,,,,,,,,,,,,,
,,,,,,,,,,,,,,,,,,,,,,,,,
,,,,,,,,,,,,,,,,,,,,,,,,,
,,,,,,,,,,,,,,,,,,,,,,,,,
,,,,,,,,,,,,,,,,,,,,,,,,,
,,,,,,,,,,,,,,,,,,,,,,,,,
,,,,,,,,,,,,,,,,,,,,,,,,,
,,,,,,,,,,,,,,,,,,,,,,,,,
,,,,,,,,,,,,,,,,,,,,,,,,,
,,,,,,,,,,,,,,,,,,,,,,,,,
,,,,,,,,,,,,,,,,,,,,,,,,,
,,,,,,,,,,,,,,,,,,,,,,,,,
,,,,,,,,,,,,,,,,,,,,,,,,,
,,,,,,,,,,,,,,,,,,,,,,,,,
,,,,,,,,,,,,,,,,,,,,,,,,,
,,,,,,,,,,,,,,,,,,,,,,,,,
,,,,,,,,,,,,,,,,,,,,,,,,,
,,,,,,,,,,,,,,,,,,,,,,,,,
,,,,,,,,,,,,,,,,,,,,,,,,,
,,,,,,,,,,,,,,,,,,,,,,,,,
,,,,,,,,,,,,,,,,,,,,,,,,,
,,,,,,,,,,,,,,,,,,,,,,,,,
,,,,,,,,,,,,,,,,,,,,,,,,,
,,,,,,,,,,,,,,,,,,,,,,,,,
,,,,,,,,,,,,,,,,,,,,,,,,,
,,,,,,,,,,,,,,,,,,,,,,,,,
,,,,,,,,,,,,,,,,,,,,,,,,,
,,,,,,,,,,,,,,,,,,,,,,,,,
,,,,,,,,,,,,,,,,,,,,,,,,,
,,,,,,,,,,,,,,,,,,,,,,,,,
,,,,,,,,,,,,,,,,,,,,,,,,,
,,,,,,,,,,,,,,,,,,,,,,,,,
,,,,,,,,,,,,,,,,,,,,,,,,,
,,,,,,,,,,,,,,,,,,,,,,,,,
,,,,,,,,,,,,,,,,,,,,,,,,,
,,,,,,,,,,,,,,,,,,,,,,,,,
,,,,,,,,,,,,,,,,,,,,,,,,,
,,,,,,,,,,,,,,,,,,,,,,,,,
,,,,,,,,,,,,,,,,,,,,,,,,,
,,,,,,,,,,,,,,,,,,,,,,,,,
,,,,,,,,,,,,,,,,,,,,,,,,,
,,,,,,,,,,,,,,,,,,,,,,,,,
,,,,,,,,,,,,,,,,,,,,,,,,,
,,,,,,,,,,,,,,,,,,,,,,,,,
,,,,,,,,,,,,,,,,,,,,,,,,,
,,,,,,,,,,,,,,,,,,,,,,,,,
,,,,,,,,,,,,,,,,,,,,,,,,,
,,,,,,,,,,,,,,,,,,,,,,,,,
,,,,,,,,,,,,,,,,,,,,,,,,,
,,,,,,,,,,,,,,,,,,,,,,,,,
,,,,,,,,,,,,,,,,,,,,,,,,,
,,,,,,,,,,,,,,,,,,,,,,,,,
,,,,,,,,,,,,,,,,,,,,,,,,,
,,,,,,,,,,,,,,,,,,,,,,,,,
,,,,,,,,,,,,,,,,,,,,,,,,,
,,,,,,,,,,,,,,,,,,,,,,,,,
,,,,,,,,,,,,,,,,,,,,,,,,,
,,,,,,,,,,,,,,,,,,,,,,,,,
,,,,,,,,,,,,,,,,,,,,,,,,,
,,,,,,,,,,,,,,,,,,,,,,,,,
,,,,,,,,,,,,,,,,,,,,,,,,,
,,,,,,,,,,,,,,,,,,,,,,,,,
,,,,,,,,,,,,,,,,,,,,,,,,,
,,,,,,,,,,,,,,,,,,,,,,,,,
,,,,,,,,,,,,,,,,,,,,,,,,,
,,,,,,,,,,,,,,,,,,,,,,,,,
,,,,,,,,,,,,,,,,,,,,,,,,,
,,,,,,,,,,,,,,,,,,,,,,,,,
,,,,,,,,,,,,,,,,,,,,,,,,,
,,,,,,,,,,,,,,,,,,,,,,,,,
,,,,,,,,,,,,,,,,,,,,,,,,,
,,,,,,,,,,,,,,,,,,,,,,,,,
,,,,,,,,,,,,,,,,,,,,,,,,,
,,,,,,,,,,,,,,,,,,,,,,,,,
,,,,,,,,,,,,,,,,,,,,,,,,,
,,,,,,,,,,,,,,,,,,,,,,,,,
,,,,,,,,,,,,,,,,,,,,,,,,,
,,,,,,,,,,,,,,,,,,,,,,,,,
,,,,,,,,,,,,,,,,,,,,,,,,,
,,,,,,,,,,,,,,,,,,,,,,,,,
,,,,,,,,,,,,,,,,,,,,,,,,,
,,,,,,,,,,,,,,,,,,,,,,,,,
,,,,,,,,,,,,,,,,,,,,,,,,,
,,,,,,,,,,,,,,,,,,,,,,,,,
,,,,,,,,,,,,,,,,,,,,,,,,,
,,,,,,,,,,,,,,,,,,,,,,,,,
,,,,,,,,,,,,,,,,,,,,,,,,,
,,,,,,,,,,,,,,,,,,,,,,,,,
,,,,,,,,,,,,,,,,,,,,,,,,,
,,,,,,,,,,,,,,,,,,,,,,,,,
,,,,,,,,,,,,,,,,,,,,,,,,,
,,,,,,,,,,,,,,,,,,,,,,,,,
,,,,,,,,,,,,,,,,,,,,,,,,,
,,,,,,,,,,,,,,,,,,,,,,,,,
,,,,,,,,,,,,,,,,,,,,,,,,,
,,,,,,,,,,,,,,,,,,,,,,,,,
,,,,,,,,,,,,,,,,,,,,,,,,,
,,,,,,,,,,,,,,,,,,,,,,,,,
,,,,,,,,,,,,,,,,,,,,,,,,,
,,,,,,,,,,,,,,,,,,,,,,,,,
,,,,,,,,,,,,,,,,,,,,,,,,,
,,,,,,,,,,,,,,,,,,,,,,,,,
,,,,,,,,,,,,,,,,,,,,,,,,,
,,,,,,,,,,,,,,,,,,,,,,,,,
,,,,,,,,,,,,,,,,,,,,,,,,,
,,,,,,,,,,,,,,,,,,,,,,,,,
,,,,,,,,,,,,,,,,,,,,,,,,,
,,,,,,,,,,,,,,,,,,,,,,,,,
,,,,,,,,,,,,,,,,,,,,,,,,,
,,,,,,,,,,,,,,,,,,,,,,,,,
,,,,,,,,,,,,,,,,,,,,,,,,,
,,,,,,,,,,,,,,,,,,,,,,,,,
,,,,,,,,,,,,,,,,,,,,,,,,,
,,,,,,,,,,,,,,,,,,,,,,,,,
,,,,,,,,,,,,,,,,,,,,,,,,,
,,,,,,,,,,,,,,,,,,,,,,,,,
,,,,,,,,,,,,,,,,,,,,,,,,,
,,,,,,,,,,,,,,,,,,,,,,,,,
,,,,,,,,,,,,,,,,,,,,,,,,,
,,,,,,,,,,,,,,,,,,,,,,,,,
,,,,,,,,,,,,,,,,,,,,,,,,,
,,,,,,,,,,,,,,,,,,,,,,,,,
,,,,,,,,,,,,,,,,,,,,,,,,,
,,,,,,,,,,,,,,,,,,,,,,,,,
,,,,,,,,,,,,,,,,,,,,,,,,,
,,,,,,,,,,,,,,,,,,,,,,,,,
,,,,,,,,,,,,,,,,,,,,,,,,,
,,,,,,,,,,,,,,,,,,,,,,,,,
,,,,,,,,,,,,,,,,,,,,,,,,,
,,,,,,,,,,,,,,,,,,,,,,,,,
,,,,,,,,,,,,,,,,,,,,,,,,,
,,,,,,,,,,,,,,,,,,,,,,,,,
,,,,,,,,,,,,,,,,,,,,,,,,,
,,,,,,,,,,,,,,,,,,,,,,,,,
,,,,,,,,,,,,,,,,,,,,,,,,,
,,,,,,,,,,,,,,,,,,,,,,,,,
,,,,,,,,,,,,,,,,,,,,,,,,,
,,,,,,,,,,,,,,,,,,,,,,,,,
,,,,,,,,,,,,,,,,,,,,,,,,,
,,,,,,,,,,,,,,,,,,,,,,,,,
,,,,,,,,,,,,,,,,,,,,,,,,,
,,,,,,,,,,,,,,,,,,,,,,,,,
,,,,,,,,,,,,,,,,,,,,,,,,,
,,,,,,,,,,,,,,,,,,,,,,,,,
,,,,,,,,,,,,,,,,,,,,,,,,,
,,,,,,,,,,,,,,,,,,,,,,,,,
,,,,,,,,,,,,,,,,,,,,,,,,,
,,,,,,,,,,,,,,,,,,,,,,,,,
,,,,,,,,,,,,,,,,,,,,,,,,,
,,,,,,,,,,,,,,,,,,,,,,,,,
,,,,,,,,,,,,,,,,,,,,,,,,,
,,,,,,,,,,,,,,,,,,,,,,,,,
,,,,,,,,,,,,,,,,,,,,,,,,,
,,,,,,,,,,,,,,,,,,,,,,,,,
,,,,,,,,,,,,,,,,,,,,,,,,,
,,,,,,,,,,,,,,,,,,,,,,,,,
,,,,,,,,,,,,,,,,,,,,,,,,,
,,,,,,,,,,,,,,,,,,,,,,,,,
,,,,,,,,,,,,,,,,,,,,,,,,,
,,,,,,,,,,,,,,,,,,,,,,,,,
,,,,,,,,,,,,,,,,,,,,,,,,,
,,,,,,,,,,,,,,,,,,,,,,,,,
,,,,,,,,,,,,,,,,,,,,,,,,,
,,,,,,,,,,,,,,,,,,,,,,,,,
,,,,,,,,,,,,,,,,,,,,,,,,,
,,,,,,,,,,,,,,,,,,,,,,,,,
,,,,,,,,,,,,,,,,,,,,,,,,,
,,,,,,,,,,,,,,,,,,,,,,,,,
,,,,,,,,,,,,,,,,,,,,,,,,,
,,,,,,,,,,,,,,,,,,,,,,,,,
,,,,,,,,,,,,,,,,,,,,,,,,,
,,,,,,,,,,,,,,,,,,,,,,,,,
,,,,,,,,,,,,,,,,,,,,,,,,,
,,,,,,,,,,,,,,,,,,,,,,,,,
,,,,,,,,,,,,,,,,,,,,,,,,,
,,,,,,,,,,,,,,,,,,,,,,,,,
,,,,,,,,,,,,,,,,,,,,,,,,,
,,,,,,,,,,,,,,,,,,,,,,,,,
,,,,,,,,,,,,,,,,,,,,,,,,,
,,,,,,,,,,,,,,,,,,,,,,,,,
,,,,,,,,,,,,,,,,,,,,,,,,,
,,,,,,,,,,,,,,,,,,,,,,,,,
,,,,,,,,,,,,,,,,,,,,,,,,,
,,,,,,,,,,,,,,,,,,,,,,,,,
,,,,,,,,,,,,,,,,,,,,,,,,,
,,,,,,,,,,,,,,,,,,,,,,,,,
,,,,,,,,,,,,,,,,,,,,,,,,,
,,,,,,,,,,,,,,,,,,,,,,,,,
,,,,,,,,,,,,,,,,,,,,,,,,,
,,,,,,,,,,,,,,,,,,,,,,,,,
,,,,,,,,,,,,,,,,,,,,,,,,,
,,,,,,,,,,,,,,,,,,,,,,,,,
,,,,,,,,,,,,,,,,,,,,,,,,,
,,,,,,,,,,,,,,,,,,,,,,,,,
,,,,,,,,,,,,,,,,,,,,,,,,,
,,,,,,,,,,,,,,,,,,,,,,,,,
,,,,,,,,,,,,,,,,,,,,,,,,,
,,,,,,,,,,,,,,,,,,,,,,,,,
,,,,,,,,,,,,,,,,,,,,,,,,,
,,,,,,,,,,,,,,,,,,,,,,,,,
,,,,,,,,,,,,,,,,,,,,,,,,,
,,,,,,,,,,,,,,,,,,,,,,,,,
,,,,,,,,,,,,,,,,,,,,,,,,,
,,,,,,,,,,,,,,,,,,,,,,,,,
,,,,,,,,,,,,,,,,,,,,,,,,,
,,,,,,,,,,,,,,,,,,,,,,,,,
,,,,,,,,,,,,,,,,,,,,,,,,,
,,,,,,,,,,,,,,,,,,,,,,,,,
,,,,,,,,,,,,,,,,,,,,,,,,,
,,,,,,,,,,,,,,,,,,,,,,,,,
,,,,,,,,,,,,,,,,,,,,,,,,,
,,,,,,,,,,,,,,,,,,,,,,,,,
,,,,,,,,,,,,,,,,,,,,,,,,,
,,,,,,,,,,,,,,,,,,,,,,,,,
,,,,,,,,,,,,,,,,,,,,,,,,,
,,,,,,,,,,,,,,,,,,,,,,,,,
,,,,,,,,,,,,,,,,,,,,,,,,,
,,,,,,,,,,,,,,,,,,,,,,,,,
,,,,,,,,,,,,,,,,,,,,,,,,,
,,,,,,,,,,,,,,,,,,,,,,,,,
,,,,,,,,,,,,,,,,,,,,,,,,,
,,,,,,,,,,,,,,,,,,,,,,,,,
,,,,,,,,,,,,,,,,,,,,,,,,,
,,,,,,,,,,,,,,,,,,,,,,,,,
,,,,,,,,,,,,,,,,,,,,,,,,,
,,,,,,,,,,,,,,,,,,,,,,,,,
,,,,,,,,,,,,,,,,,,,,,,,,,
,,,,,,,,,,,,,,,,,,,,,,,,,
,,,,,,,,,,,,,,,,,,,,,,,,,
,,,,,,,,,,,,,,,,,,,,,,,,,
,,,,,,,,,,,,,,,,,,,,,,,,,
,,,,,,,,,,,,,,,,,,,,,,,,,
,,,,,,,,,,,,,,,,,,,,,,,,,
,,,,,,,,,,,,,,,,,,,,,,,,,
,,,,,,,,,,,,,,,,,,,,,,,,,
,,,,,,,,,,,,,,,,,,,,,,,,,
,,,,,,,,,,,,,,,,,,,,,,,,,
,,,,,,,,,,,,,,,,,,,,,,,,,
,,,,,,,,,,,,,,,,,,,,,,,,,
,,,,,,,,,,,,,,,,,,,,,,,,,
,,,,,,,,,,,,,,,,,,,,,,,,,
,,,,,,,,,,,,,,,,,,,,,,,,,
,,,,,,,,,,,,,,,,,,,,,,,,,
,,,,,,,,,,,,,,,,,,,,,,,,,
,,,,,,,,,,,,,,,,,,,,,,,,,
,,,,,,,,,,,,,,,,,,,,,,,,,
,,,,,,,,,,,,,,,,,,,,,,,,,
,,,,,,,,,,,,,,,,,,,,,,,,,
,,,,,,,,,,,,,,,,,,,,,,,,,
,,,,,,,,,,,,,,,,,,,,,,,,,
,,,,,,,,,,,,,,,,,,,,,,,,,
,,,,,,,,,,,,,,,,,,,,,,,,,
,,,,,,,,,,,,,,,,,,,,,,,,,
,,,,,,,,,,,,,,,,,,,,,,,,,
,,,,,,,,,,,,,,,,,,,,,,,,,
,,,,,,,,,,,,,,,,,,,,,,,,,
,,,,,,,,,,,,,,,,,,,,,,,,,
,,,,,,,,,,,,,,,,,,,,,,,,,
,,,,,,,,,,,,,,,,,,,,,,,,,
,,,,,,,,,,,,,,,,,,,,,,,,,
,,,,,,,,,,,,,,,,,,,,,,,,,
,,,,,,,,,,,,,,,,,,,,,,,,,
,,,,,,,,,,,,,,,,,,,,,,,,,
,,,,,,,,,,,,,,,,,,,,,,,,,
,,,,,,,,,,,,,,,,,,,,,,,,,
,,,,,,,,,,,,,,,,,,,,,,,,,
,,,,,,,,,,,,,,,,,,,,,,,,,
,,,,,,,,,,,,,,,,,,,,,,,,,
,,,,,,,,,,,,,,,,,,,,,,,,,
,,,,,,,,,,,,,,,,,,,,,,,,,
,,,,,,,,,,,,,,,,,,,,,,,,,
,,,,,,,,,,,,,,,,,,,,,,,,,
,,,,,,,,,,,,,,,,,,,,,,,,,
,,,,,,,,,,,,,,,,,,,,,,,,,
,,,,,,,,,,,,,,,,,,,,,,,,,
,,,,,,,,,,,,,,,,,,,,,,,,,
,,,,,,,,,,,,,,,,,,,,,,,,,
,,,,,,,,,,,,,,,,,,,,,,,,,
,,,,,,,,,,,,,,,,,,,,,,,,,
,,,,,,,,,,,,,,,,,,,,,,,,,
,,,,,,,,,,,,,,,,,,,,,,,,,
,,,,,,,,,,,,,,,,,,,,,,,,,
,,,,,,,,,,,,,,,,,,,,,,,,,
,,,,,,,,,,,,,,,,,,,,,,,,,
,,,,,,,,,,,,,,,,,,,,,,,,,
,,,,,,,,,,,,,,,,,,,,,,,,,
,,,,,,,,,,,,,,,,,,,,,,,,,
,,,,,,,,,,,,,,,,,,,,,,,,,
,,,,,,,,,,,,,,,,,,,,,,,,,
,,,,,,,,,,,,,,,,,,,,,,,,,
,,,,,,,,,,,,,,,,,,,,,,,,,
,,,,,,,,,,,,,,,,,,,,,,,,,
,,,,,,,,,,,,,,,,,,,,,,,,,
,,,,,,,,,,,,,,,,,,,,,,,,,
,,,,,,,,,,,,,,,,,,,,,,,,,
,,,,,,,,,,,,,,,,,,,,,,,,,
,,,,,,,,,,,,,,,,,,,,,,,,,
,,,,,,,,,,,,,,,,,,,,,,,,,
,,,,,,,,,,,,,,,,,,,,,,,,,
,,,,,,,,,,,,,,,,,,,,,,,,,
,,,,,,,,,,,,,,,,,,,,,,,,,
,,,,,,,,,,,,,,,,,,,,,,,,,
,,,,,,,,,,,,,,,,,,,,,,,,,
,,,,,,,,,,,,,,,,,,,,,,,,,
,,,,,,,,,,,,,,,,,,,,,,,,,
,,,,,,,,,,,,,,,,,,,,,,,,,
,,,,,,,,,,,,,,,,,,,,,,,,,
,,,,,,,,,,,,,,,,,,,,,,,,,
,,,,,,,,,,,,,,,,,,,,,,,,,
,,,,,,,,,,,,,,,,,,,,,,,,,
,,,,,,,,,,,,,,,,,,,,,,,,,
,,,,,,,,,,,,,,,,,,,,,,,,,
,,,,,,,,,,,,,,,,,,,,,,,,,
,,,,,,,,,,,,,,,,,,,,,,,,,
,,,,,,,,,,,,,,,,,,,,,,,,,
,,,,,,,,,,,,,,,,,,,,,,,,,
,,,,,,,,,,,,,,,,,,,,,,,,,
,,,,,,,,,,,,,,,,,,,,,,,,,
,,,,,,,,,,,,,,,,,,,,,,,,,
,,,,,,,,,,,,,,,,,,,,,,,,,
,,,,,,,,,,,,,,,,,,,,,,,,,
,,,,,,,,,,,,,,,,,,,,,,,,,
,,,,,,,,,,,,,,,,,,,,,,,,,
,,,,,,,,,,,,,,,,,,,,,,,,,
,,,,,,,,,,,,,,,,,,,,,,,,,
,,,,,,,,,,,,,,,,,,,,,,,,,
,,,,,,,,,,,,,,,,,,,,,,,,,
,,,,,,,,,,,,,,,,,,,,,,,,,
,,,,,,,,,,,,,,,,,,,,,,,,,
,,,,,,,,,,,,,,,,,,,,,,,,,
,,,,,,,,,,,,,,,,,,,,,,,,,
,,,,,,,,,,,,,,,,,,,,,,,,,
,,,,,,,,,,,,,,,,,,,,,,,,,
,,,,,,,,,,,,,,,,,,,,,,,,,
,,,,,,,,,,,,,,,,,,,,,,,,,
,,,,,,,,,,,,,,,,,,,,,,,,,
,,,,,,,,,,,,,,,,,,,,,,,,,
,,,,,,,,,,,,,,,,,,,,,,,,,
,,,,,,,,,,,,,,,,,,,,,,,,,
,,,,,,,,,,,,,,,,,,,,,,,,,
,,,,,,,,,,,,,,,,,,,,,,,,,
,,,,,,,,,,,,,,,,,,,,,,,,,
,,,,,,,,,,,,,,,,,,,,,,,,,
,,,,,,,,,,,,,,,,,,,,,,,,,
,,,,,,,,,,,,,,,,,,,,,,,,,
,,,,,,,,,,,,,,,,,,,,,,,,,
,,,,,,,,,,,,,,,,,,,,,,,,,
,,,,,,,,,,,,,,,,,,,,,,,,,
,,,,,,,,,,,,,,,,,,,,,,,,,
,,,,,,,,,,,,,,,,,,,,,,,,,
,,,,,,,,,,,,,,,,,,,,,,,,,
,,,,,,,,,,,,,,,,,,,,,,,,,
,,,,,,,,,,,,,,,,,,,,,,,,,
,,,,,,,,,,,,,,,,,,,,,,,,,
,,,,,,,,,,,,,,,,,,,,,,,,,
,,,,,,,,,,,,,,,,,,,,,,,,,
,,,,,,,,,,,,,,,,,,,,,,,,,
,,,,,,,,,,,,,,,,,,,,,,,,,
,,,,,,,,,,,,,,,,,,,,,,,,,
,,,,,,,,,,,,,,,,,,,,,,,,,
,,,,,,,,,,,,,,,,,,,,,,,,,
,,,,,,,,,,,,,,,,,,,,,,,,,
,,,,,,,,,,,,,,,,,,,,,,,,,
,,,,,,,,,,,,,,,,,,,,,,,,,
,,,,,,,,,,,,,,,,,,,,,,,,,
